TransactionID,SaleDate,CustomerID,ProductID,StoreID,CampaignID,SaleAmount,DiscountPct,PaymentType
1,5/4/2025,1034,2059,402,0,2048.2,23,Cash
2,5/4/2025,1066,2048,403,1,321.87,38,Card
3,5/4/2025,1116,2041,403,3,3216.84,25,EBT
4,5/4/2025,1071,2096,404,2,1613.23,16,Gift Card
5,5/4/2025,1020,2060,401,0,408.38,40,Cash
6,5/4/2025,1089,2028,401,0,1275.88,-5,Card
7,5/4/2025,1193,2003,402,1,346.66,11,EBT
8,5/4/2025,1005,2079,402,1,855.49,29,
9,5/4/2025,1032,2060,401,1,735.08,20,Cash
10,5/4/2025,1119,2089,403,2,661.63,24,Card
11,5/4/2025,1042,2077,401,,505.65,6,EBT
12,5/4/2025,1079,2013,401,2,0,26,Gift Card
13,5/4/2025,1147,2086,404,3,4470.5,39,Cash
14,5/4/2025,1183,2025,401,1,503.32,150,Card
15,5/4/2025,1026,2089,403,0,413.52,22,EBT
16,5/4/2025,1144,2005,403,3,1715.12,23,Gift Card
17,5/4/2025,1169,2047,401,2,535.97,4,Cash
18,5/4/2025,1003,2053,404,0,3660.9,34,Card
19,5/4/2025,1110,2046,404,1,30.09,34,EBT
20,5/4/2025,1111,2022,403,3,671.18,8,Gift Card
21,5/4/2025,1119,2055,403,2,?,40,Cash
22,5/4/2025,1062,2011,403,3,1229.22,32,Card
23,5/4/2025,1062,2096,404,3,672.18,36,EBT
24,5/4/2025,1086,2003,404,2,924.43,33,Gift Card
25,5/4/2025,1046,2062,402,2,1981.95,7,Cash
26,5/4/2025,1066,2043,403,2,698.76,16,Card
27,5/4/2025,1142,2001,402,0,1237.05,21,EBT
28,5/4/2025,1061,2092,404,3,482.21,12,Gift Card
29,5/4/2025,1142,2097,402,3,4210.5,32,Cash
30,5/4/2025,1165,2091,404,3,4528.95,33,Card
31,2023-13-01,1004,2011,403,1,737.53,27,EBT
32,5/4/2025,1103,2088,402,2,0,22,Gift Card
33,5/4/2025,1169,2074,403,3,0,0,Cash
34,5/4/2025,1141,2067,403,3,872.85,8,Card
35,5/4/2025,1190,2070,403,2,54.69,32,EBT
36,5/4/2025,1179,2058,403,2,1066.8,22,Gift Card
37,5/4/2025,1064,2029,401,1,12.16,7,Cash
38,5/4/2025,1080,2015,402,1,3037.36,20,Card
39,5/4/2025,1055,2094,404,2,1578.72,11,EBT
40,5/4/2025,1185,2075,403,0,0,11,Gift Card
41,5/4/2025,9999,2037,402,2,288.11,39,Cash
42,5/4/2025,1045,2038,401,1,1667.72,9,Card
43,5/4/2025,1070,2005,401,2,686.05,2,EBT
44,5/4/2025,1178,2016,404,0,0,29,Gift Card
45,5/4/2025,1003,2073,403,3,1498.29,4,Cash
46,5/4/2025,1122,2056,403,1,944.5,26,Card
47,5/4/2025,1013,2032,404,0,2836.8,17,EBT
48,5/4/2025,1016,2051,404,0,117.32,33,Gift Card
49,5/4/2025,1147,2080,401,1,0,33,Cash
50,5/4/2025,1038,2072,403,0,840.6,10,Card
51,5/4/2025,1063,2015,404,1,1214.95,9,EBT
52,5/4/2025,1198,2066,404,3,516.06,40,Gift Card
53,5/4/2025,1113,2038,404,2,2223.62,19,Cash
54,5/4/2025,1145,2079,401,0,1901.08,36,Card
55,5/4/2025,1195,2026,402,2,507.74,1,EBT
56,5/4/2025,1169,2010,402,1,140.11,38,Gift Card
57,5/4/2025,1044,2070,401,1,0,6,Cash
58,5/4/2025,1000,2052,404,3,2193.78,6,Card
59,5/4/2025,1074,2004,402,2,741.8,24,EBT
60,5/4/2025,1180,2036,404,0,217.98,39,Gift Card
61,5/4/2025,1175,2029,403,1,36.48,18,Cash
62,5/4/2025,1108,2014,402,1,221.67,26,Card
63,5/4/2025,1068,2018,401,0,2169.04,7,EBT
64,5/4/2025,1042,2039,403,3,2929.32,20,Gift Card
65,5/4/2025,1031,2059,403,3,0,40,Cash
66,5/4/2025,1069,2064,404,3,1470.2,31,Card
67,5/4/2025,1020,2076,401,3,4836.42,28,EBT
68,5/4/2025,1188,2041,403,0,1608.42,27,Gift Card
69,5/4/2025,1023,2029,401,2,0,20,Cash
70,5/4/2025,1147,2005,402,3,0,28,Card
71,5/4/2025,1132,2083,404,2,614.53,36,EBT
72,5/4/2025,1046,2074,404,3,659.5,9,Gift Card
73,5/4/2025,1023,2060,403,3,1225.14,26,Cash
74,5/4/2025,1085,2041,401,1,1447.58,3,Card
75,5/4/2025,1084,2052,404,2,2925.04,35,EBT
76,5/4/2025,1169,2051,401,3,117.32,36,Gift Card
77,5/4/2025,1022,2040,403,2,55.26,0,Cash
78,5/4/2025,1029,2098,404,0,3631.44,30,Card
79,5/4/2025,1168,2069,404,3,232.39,1,EBT
80,5/4/2025,1013,2024,403,3,372.81,28,Gift Card
81,5/4/2025,1160,2056,401,1,472.25,13,Cash
82,5/4/2025,1068,2070,402,2,109.38,21,Card
83,5/4/2025,1112,2089,404,0,2067.6,0,EBT
84,5/4/2025,1007,2080,402,1,1498.07,39,Gift Card
85,5/4/2025,1079,2070,401,3,34.18,1,Cash
86,5/4/2025,1023,2028,401,3,2551.76,33,Card
87,5/4/2025,1030,2082,402,3,799.8,11,EBT
88,5/4/2025,1183,2037,403,3,2160.84,17,Gift Card
89,5/4/2025,1123,2060,402,3,2450.28,5,Cash
90,5/4/2025,1141,2018,404,1,2440.17,3,Card
91,5/4/2025,1153,2065,402,0,470.34,15,EBT
92,5/4/2025,1070,2098,404,2,0,17,Gift Card
93,5/4/2025,1129,2034,401,2,108.94,39,Cash
94,5/4/2025,1185,2038,404,1,1667.72,10,Card
95,5/4/2025,1114,2068,404,2,656.19,2,EBT
96,5/4/2025,1085,2070,404,3,0,20,Gift Card
97,5/4/2025,1082,2024,402,3,372.81,39,Cash
98,5/4/2025,1059,2099,404,0,1292.64,3,Card
99,5/4/2025,1081,2095,404,3,490.79,23,EBT
100,5/4/2025,1098,2084,402,3,0,6,Gift Card
101,5/4/2025,1009,2016,403,0,969.06,3,Cash
102,5/4/2025,1112,2012,404,0,1869.57,24,Card
103,5/4/2025,1184,2018,404,1,488.03,29,EBT
104,5/4/2025,1019,2060,403,2,0,29,Gift Card
105,5/4/2025,1159,2088,404,0,0,39,Cash
106,5/4/2025,1084,2086,404,2,2861.12,19,Card
107,5/4/2025,1160,2091,404,0,905.79,33,EBT
108,5/4/2025,1158,2008,402,2,159.82,25,Gift Card
109,5/4/2025,1058,2095,401,3,2453.95,11,Cash
110,5/4/2025,1025,2097,401,3,842.1,23,Card
111,5/4/2025,1042,2088,403,0,709.35,26,EBT
112,5/4/2025,1011,2041,401,2,0,29,Gift Card
113,5/4/2025,1091,2047,404,1,0,24,Cash
114,5/4/2025,1062,2067,404,1,0,10,Card
115,5/4/2025,1043,2022,401,3,2684.72,40,EBT
116,5/4/2025,1158,2087,402,3,477.96,5,Gift Card
117,5/4/2025,1149,2018,402,3,1626.78,13,Cash
118,5/4/2025,1163,2032,404,2,756.48,0,Card
119,5/4/2025,1170,2001,404,2,659.76,12,EBT
120,5/4/2025,1173,2069,402,0,464.78,36,Gift Card
121,5/4/2025,1113,2044,403,3,0,39,Cash
122,5/4/2025,1176,2032,404,2,756.48,23,Card
123,5/4/2025,1050,2049,404,0,2819.52,20,EBT
124,5/4/2025,1060,2048,403,2,1144.42,15,Gift Card
125,5/4/2025,1179,2037,401,3,1440.56,4,Cash
126,5/4/2025,1070,2001,401,3,0,23,Card
127,5/4/2025,1073,2099,402,2,0,2,EBT
128,5/4/2025,1056,2081,402,2,0,30,Gift Card
129,5/4/2025,1173,2096,402,0,672.18,26,Cash
130,5/4/2025,1160,2082,401,2,426.56,39,Card
131,5/4/2025,1112,2004,403,1,1669.05,26,EBT
132,5/4/2025,1023,2037,403,3,2160.84,15,Gift Card
133,5/4/2025,1044,2025,402,2,223.7,40,Cash
134,5/4/2025,1135,2064,403,1,793.91,32,Card
135,5/4/2025,1065,2061,403,2,639.74,7,EBT
136,5/4/2025,1029,2059,401,1,921.69,13,Gift Card
137,5/4/2025,1193,2028,404,2,1531.06,36,Cash
138,5/4/2025,1023,2050,401,2,298.85,6,Card
139,5/4/2025,1137,2015,404,2,539.98,16,EBT
140,5/4/2025,1172,2095,403,3,2453.95,23,Gift Card
141,5/4/2025,1163,2047,401,1,301.48,28,Cash
142,5/4/2025,1120,2003,403,1,1039.99,29,Card
143,5/4/2025,1165,2008,404,2,53.27,3,EBT
144,5/4/2025,1166,2052,401,1,658.13,13,Gift Card
145,5/4/2025,1011,2004,403,3,3709,0,Cash
146,5/4/2025,1029,2012,402,1,0,34,Card
147,5/4/2025,1099,2058,403,3,666.75,7,EBT
148,5/4/2025,1150,2095,402,3,490.79,1,Gift Card
149,5/4/2025,1167,2012,404,3,0,17,Cash
150,5/4/2025,1071,2004,403,1,834.52,31,Card
151,5/4/2025,1113,2056,402,2,839.55,33,EBT
152,5/4/2025,1025,2087,403,2,0,24,Gift Card
153,5/4/2025,1015,2050,403,1,504.31,21,Cash
154,5/4/2025,1031,2058,401,1,2400.3,2,Card
155,5/4/2025,1164,2081,401,0,2984.88,20,EBT
156,5/4/2025,1085,2031,402,1,508.77,32,Gift Card
157,5/4/2025,1017,2097,402,1,757.89,2,Cash
158,5/4/2025,1059,2042,402,0,0,18,Card
159,5/4/2025,1070,2018,402,2,0,32,EBT
160,5/4/2025,1044,2014,401,1,886.68,6,Gift Card
161,5/4/2025,1003,2045,402,2,499.42,33,Cash
162,5/4/2025,1004,2022,403,0,671.18,17,Card
163,5/4/2025,1032,2094,404,0,493.35,7,EBT
164,5/4/2025,1190,2008,404,3,266.36,5,Gift Card
165,5/4/2025,1199,2046,401,3,167.15,22,Cash
166,5/4/2025,1128,2028,401,2,2041.41,33,Card
167,5/4/2025,1117,2082,401,0,799.8,11,EBT
168,5/4/2025,1122,2051,404,0,234.64,17,Gift Card
169,5/4/2025,1125,2091,404,0,1811.58,18,Cash
170,5/4/2025,1020,2041,402,0,0,13,Card
171,5/4/2025,1032,2035,403,3,4499.95,3,EBT
172,5/4/2025,1152,2067,403,3,872.85,3,Gift Card
173,5/4/2025,1129,2077,404,0,2809.15,34,Cash
174,5/4/2025,1179,2014,402,3,738.9,34,Card
175,5/4/2025,1115,2029,404,2,0,13,EBT
176,5/4/2025,1116,2051,404,0,351.96,32,Gift Card
177,5/4/2025,1080,2054,403,2,3602.04,4,Cash
178,5/4/2025,1095,2019,404,0,933.93,27,Card
179,5/4/2025,1023,2010,401,3,0,34,EBT
180,5/4/2025,1024,2095,403,1,3533.69,24,Gift Card
181,5/4/2025,1142,2007,403,0,583.39,15,Cash
182,5/4/2025,1105,2045,404,0,624.28,40,Card
183,5/4/2025,1073,2076,403,2,1934.57,22,EBT
184,5/4/2025,1026,2073,402,1,1797.95,26,Gift Card
185,5/4/2025,1168,2061,402,0,599.76,3,Cash
186,5/4/2025,1089,2071,403,0,0,29,Card
187,5/4/2025,1195,2035,402,3,0,1,EBT
188,5/4/2025,1143,2098,401,2,2178.86,5,Gift Card
189,5/4/2025,1007,2023,403,2,751.63,31,Cash
190,5/4/2025,1086,2044,401,1,373.64,31,Card
191,5/4/2025,1036,2072,404,0,1260.9,30,EBT
192,5/4/2025,1036,2094,401,0,2466.75,1,Gift Card
193,5/4/2025,1191,2067,402,3,872.85,9,Cash
194,5/4/2025,1107,2058,403,1,1800.22,1,Card
195,5/4/2025,1094,2039,403,0,1952.88,27,EBT
196,5/4/2025,1013,2019,402,0,0,39,Gift Card
197,5/4/2025,1172,2010,403,3,0,6,Cash
198,5/4/2025,1169,2054,404,3,900.51,1,Card
199,5/4/2025,1106,2034,402,0,136.17,11,EBT
200,5/4/2025,1088,2055,401,2,129.46,24,Gift Card
201,5/4/2025,1173,2086,404,2,715.28,23,Cash
202,5/4/2025,1011,2028,404,0,0,19,Card
203,5/4/2025,1001,2026,403,1,190.4,24,EBT
204,5/4/2025,1196,2017,403,2,370.96,36,Gift Card
205,5/4/2025,1083,2015,401,3,0,19,Cash
206,5/4/2025,1191,2055,402,1,48.55,16,Card
207,5/4/2025,1097,2068,402,2,1312.38,39,EBT
208,5/4/2025,1018,2050,401,3,0,4,Gift Card
209,5/4/2025,1004,2058,401,2,1066.8,23,Cash
210,5/4/2025,1147,2054,404,3,2701.53,24,Card
211,5/4/2025,1074,2014,404,0,738.9,34,EBT
212,5/4/2025,1083,2021,404,2,668.33,25,Gift Card
213,5/4/2025,1022,2055,401,1,97.09,5,Cash
214,5/4/2025,1111,2075,404,0,1561.28,39,Card
215,5/4/2025,1101,2039,403,1,2636.39,23,EBT
216,5/4/2025,1085,2099,402,0,646.32,11,Gift Card
217,5/4/2025,1130,2081,401,1,1343.2,14,Cash
218,5/4/2025,1198,2044,403,1,186.82,2,Card
219,5/4/2025,1060,2013,402,2,0,14,EBT
220,5/4/2025,1050,2022,402,0,671.18,18,Gift Card
221,5/4/2025,1045,2098,404,3,907.86,23,Cash
222,5/4/2025,1193,2072,404,2,1681.2,35,Card
223,5/4/2025,1160,2040,402,3,138.16,10,EBT
224,5/4/2025,1017,2060,404,2,0,31,Gift Card
225,5/4/2025,1070,2075,401,2,624.51,14,Cash
226,5/4/2025,1129,2009,403,3,198.93,33,Card
227,5/4/2025,1115,2004,401,2,2225.4,10,EBT
228,5/4/2025,1073,2009,401,3,66.31,18,Gift Card
229,5/4/2025,1118,2074,401,3,659.5,13,Cash
230,5/4/2025,1146,2083,402,2,614.53,13,Card
231,5/4/2025,1154,2060,402,0,408.38,19,EBT
232,5/4/2025,1115,2013,403,0,2806.08,12,Gift Card
233,5/4/2025,1129,2082,402,0,1066.4,38,Cash
234,5/4/2025,1063,2090,404,3,71.64,4,Card
235,5/4/2025,1134,2066,402,2,1238.54,26,EBT
236,5/4/2025,1095,2036,404,3,653.94,1,Gift Card
237,5/4/2025,1198,2043,401,2,1397.52,14,Cash
238,5/4/2025,1016,2042,401,3,0,22,Card
239,5/4/2025,1072,2032,402,2,1512.96,12,EBT
240,5/4/2025,1020,2074,402,2,527.6,11,Gift Card
241,5/4/2025,1079,2083,404,1,691.34,21,Cash
242,5/4/2025,1152,2090,401,2,57.31,26,Card
243,5/4/2025,1143,2048,403,1,0,30,EBT
244,5/4/2025,1171,2089,401,3,1654.08,6,Gift Card
245,5/4/2025,1130,2046,401,2,106.98,31,Cash
246,5/4/2025,1079,2023,402,2,3006.53,1,Card
247,5/4/2025,1196,2062,402,1,1114.85,14,EBT
248,5/4/2025,1035,2019,401,2,0,4,Gift Card
249,5/4/2025,1025,2064,401,2,705.7,36,Cash
250,5/4/2025,1196,2079,402,3,2851.62,13,Card
251,5/4/2025,1039,2020,402,1,338.25,0,EBT
252,5/4/2025,1184,2056,401,3,1574.16,29,Gift Card
253,5/4/2025,1093,2086,402,3,3576.4,21,Cash
254,5/4/2025,1156,2036,404,1,392.36,0,Card
255,5/4/2025,1136,2030,403,3,509.91,31,EBT
256,5/4/2025,1049,2047,404,3,1674.9,8,Gift Card
257,5/4/2025,1196,2036,404,3,0,6,Cash
258,5/4/2025,1041,2025,402,2,671.09,11,Card
259,5/4/2025,1013,2082,404,2,1066.4,19,EBT
260,5/4/2025,1141,2013,401,2,748.29,6,Gift Card
261,5/4/2025,1021,2097,402,2,673.68,6,Cash
262,5/4/2025,1115,2065,402,3,1881.36,22,Card
263,5/4/2025,1023,2028,404,2,510.35,19,EBT
264,5/4/2025,1006,2053,401,3,610.15,11,Gift Card
265,5/4/2025,1128,2047,402,3,1004.94,2,Cash
266,5/4/2025,1020,2047,402,0,669.96,14,Card
267,5/4/2025,1081,2012,403,1,1682.61,17,EBT
268,5/4/2025,1035,2004,403,3,927.25,25,Gift Card
269,5/4/2025,1178,2017,404,3,1854.8,40,Cash
270,5/4/2025,1157,2000,401,0,1938.62,36,Card
271,5/4/2025,1065,2027,402,3,775.83,22,EBT
272,5/4/2025,1028,2099,403,1,3490.13,17,Gift Card
273,5/4/2025,1077,2015,401,1,1822.42,23,Cash
274,5/4/2025,1107,2081,404,0,2238.66,40,Card
275,5/4/2025,1028,2063,401,1,994.43,29,EBT
276,5/4/2025,1183,2018,403,3,2711.3,17,Gift Card
277,5/4/2025,1000,2078,403,1,0,3,Cash
278,5/4/2025,1146,2053,402,0,1220.3,38,Card
279,5/4/2025,1134,2046,401,0,33.43,9,EBT
280,5/4/2025,1099,2060,401,3,1633.52,24,Gift Card
281,5/4/2025,1095,2032,401,2,1512.96,1,Cash
282,5/4/2025,1017,2044,402,0,207.58,21,Card
283,5/4/2025,1197,2074,403,1,593.55,13,EBT
284,5/4/2025,1011,2045,403,1,842.78,36,Gift Card
285,5/4/2025,1199,2087,404,3,159.32,16,Cash
286,5/4/2025,1161,2023,402,0,939.54,2,Card
287,5/4/2025,1183,2099,404,0,1292.64,13,EBT
288,5/4/2025,1075,2025,401,1,0,40,Gift Card
289,5/4/2025,1010,2040,403,3,138.16,28,Cash
290,5/4/2025,1139,2060,403,0,1225.14,27,Card
291,5/4/2025,1192,2082,402,2,213.28,2,EBT
292,5/4/2025,1091,2099,401,2,1034.11,23,Gift Card
293,5/4/2025,1069,2015,403,3,2699.88,8,Cash
294,5/4/2025,1102,2095,404,3,1472.37,2,Card
295,5/4/2025,1086,2023,404,3,3758.16,11,EBT
296,5/4/2025,1094,2066,403,0,1032.12,23,Gift Card
297,5/4/2025,1186,2054,401,3,0,8,Cash
298,5/4/2025,1154,2023,403,2,751.63,36,Card
299,5/4/2025,1026,2010,403,2,62.27,8,EBT
300,5/4/2025,1078,2057,404,1,393.28,4,Gift Card
301,5/4/2025,1176,2056,403,3,524.72,37,Cash
302,5/4/2025,1010,2093,403,3,0,16,Card
303,5/4/2025,1070,2081,401,0,1492.44,28,EBT
304,5/4/2025,1171,2081,404,2,596.98,23,Gift Card
305,5/4/2025,1131,2095,402,0,1472.37,22,Cash
306,5/4/2025,1036,2077,404,0,1123.66,36,Card
307,5/4/2025,1032,2008,402,2,106.54,33,EBT
308,5/4/2025,1092,2049,401,1,0,13,Gift Card
309,5/4/2025,1173,2057,403,2,349.58,34,Cash
310,5/4/2025,1113,2097,401,1,757.89,26,Card
311,5/4/2025,1135,2046,404,2,80.23,32,EBT
312,5/4/2025,1166,2035,402,0,899.99,5,Gift Card
313,5/4/2025,1006,2094,402,3,1480.05,38,Cash
314,5/4/2025,1132,2049,401,2,1503.74,21,Card
315,5/4/2025,1198,2033,404,1,2257.88,23,EBT
316,5/4/2025,1156,2036,404,1,784.73,34,Gift Card
317,5/4/2025,1031,2017,401,3,0,27,Cash
318,5/4/2025,1044,2091,404,0,1811.58,25,Card
319,5/4/2025,1174,2040,403,0,34.54,26,EBT
320,5/4/2025,1140,2069,403,2,557.74,25,Gift Card
321,5/4/2025,1040,2091,402,2,724.63,18,Cash
322,5/4/2025,1130,2028,401,1,574.15,10,Card
323,5/4/2025,1035,2030,404,0,339.94,10,EBT
324,5/4/2025,1092,2070,403,3,102.54,21,Gift Card
325,5/4/2025,1141,2016,401,0,0,18,Cash
326,5/4/2025,1079,2050,404,3,186.78,28,Card
327,5/4/2025,1196,2052,401,1,2632.54,25,EBT
328,5/4/2025,1081,2082,401,3,1066.4,11,Gift Card
329,5/4/2025,1119,2087,403,1,0,8,Cash
330,5/4/2025,1199,2070,402,1,30.76,14,Card
331,5/4/2025,1110,2064,401,0,0,28,EBT
332,5/4/2025,1132,2019,403,1,1681.07,25,Gift Card
333,5/4/2025,1041,2041,402,2,643.37,30,Cash
334,5/4/2025,1132,2036,401,2,348.77,7,Card
335,5/4/2025,1050,2081,403,1,2686.39,10,EBT
336,5/4/2025,1160,2038,401,1,0,11,Gift Card
337,5/4/2025,1151,2074,402,1,1187.1,6,Cash
338,5/4/2025,1168,2079,403,0,1901.08,37,Card
339,5/4/2025,1007,2010,401,2,62.27,36,EBT
340,5/4/2025,1166,2026,404,0,0,35,Gift Card
341,5/4/2025,1127,2080,403,2,1997.42,10,Cash
342,5/4/2025,1123,2031,404,2,1356.72,12,Card
343,5/4/2025,1116,2009,401,1,119.36,32,EBT
344,5/4/2025,1112,2053,404,3,0,36,Gift Card
345,5/4/2025,1052,2043,402,2,698.76,16,Cash
346,5/4/2025,1183,2040,403,3,103.62,31,Card
347,5/4/2025,1033,2097,403,0,4210.5,6,EBT
348,5/4/2025,1081,2030,404,0,339.94,5,Gift Card
349,5/4/2025,1068,2057,402,1,1179.85,26,Cash
350,5/4/2025,1024,2006,403,3,594,29,Card
351,5/4/2025,1157,2053,402,1,1098.27,28,EBT
352,5/4/2025,1083,2073,403,1,2247.44,0,Gift Card
353,5/4/2025,1195,2020,404,3,1879.15,15,Cash
354,5/4/2025,1127,2039,404,0,1952.88,2,Card
355,5/4/2025,1023,2050,404,1,0,20,EBT
356,5/4/2025,1055,2074,403,0,1978.5,29,Gift Card
357,5/4/2025,1012,2036,404,3,653.94,38,Cash
358,5/4/2025,1073,2068,401,0,2460.72,31,Card
359,5/4/2025,1110,2017,403,2,370.96,0,EBT
360,5/4/2025,1195,2051,403,0,117.32,17,Gift Card
361,5/4/2025,1102,2006,402,2,792,2,Cash
362,5/4/2025,1141,2036,401,3,871.92,0,Card
363,5/4/2025,1129,2057,403,0,1747.92,10,EBT
364,5/4/2025,1032,2012,404,2,997.1,5,Gift Card
365,5/4/2025,1086,2071,403,1,553.64,16,Cash
366,5/4/2025,1050,2077,404,0,561.83,23,Card
367,5/4/2025,1011,2004,402,2,0,40,EBT
368,5/4/2025,1121,2066,404,1,0,2,Gift Card
369,5/4/2025,1155,2065,402,2,1128.82,14,Cash
370,5/4/2025,1156,2040,402,3,138.16,39,Card
371,5/4/2025,1157,2094,403,2,1578.72,39,EBT
372,5/4/2025,1129,2065,404,2,752.54,19,Gift Card
373,5/4/2025,1121,2002,403,2,2771.2,32,Cash
374,5/4/2025,1172,2014,404,2,197.04,32,Card
375,5/4/2025,1185,2088,401,3,2128.05,10,EBT
376,5/4/2025,1067,2083,402,0,0,26,Gift Card
377,5/4/2025,1149,2061,402,3,1199.52,1,Cash
378,5/4/2025,1037,2087,402,0,318.64,9,Card
379,5/4/2025,1146,2089,401,1,744.34,40,EBT
380,5/4/2025,1004,2056,403,3,2098.88,13,Gift Card
381,5/4/2025,1038,2052,402,3,2193.78,6,Cash
382,5/4/2025,1128,2099,404,0,3877.92,23,Card
383,5/4/2025,1180,2017,402,2,741.92,1,EBT
384,5/4/2025,1169,2061,404,2,319.87,1,Gift Card
385,5/4/2025,1044,2058,403,2,1066.8,17,Cash
386,5/4/2025,1173,2098,403,3,3631.44,17,Card
387,5/4/2025,1049,2031,403,2,1356.72,4,EBT
388,5/4/2025,1057,2038,403,1,2501.58,8,Gift Card
389,5/4/2025,1176,2090,404,2,343.87,10,Cash
390,5/4/2025,1122,2044,403,2,166.06,13,Card
391,5/4/2025,1031,2073,404,3,1498.29,38,EBT
392,5/4/2025,1088,2098,402,2,726.29,27,Gift Card
393,5/4/2025,1010,2036,401,2,348.77,15,Cash
394,5/4/2025,1113,2083,403,3,3072.64,32,Card
395,5/4/2025,1054,2025,403,2,671.09,12,EBT
396,5/4/2025,1035,2013,402,1,1683.65,14,Gift Card
397,5/4/2025,1012,2085,402,1,217.94,11,Cash
398,5/4/2025,1013,2012,404,2,1994.21,20,Card
399,5/4/2025,1183,2060,401,1,367.54,1,EBT
400,5/4/2025,1001,2070,402,3,102.54,33,Gift Card
401,5/4/2025,1167,2060,404,1,735.08,31,Cash
402,5/4/2025,1193,2036,403,2,348.77,29,Card
403,5/4/2025,1165,2007,401,1,0,22,EBT
404,5/4/2025,1136,2094,401,1,1776.06,38,Gift Card
405,5/4/2025,1106,2022,401,3,671.18,15,Cash
406,5/4/2025,1126,2023,403,0,0,32,Card
407,5/4/2025,1002,2038,401,2,1482.42,1,EBT
408,5/4/2025,1072,2058,404,1,1200.15,25,Gift Card
409,5/4/2025,1129,2059,403,1,1382.54,17,Cash
410,5/4/2025,1028,2042,402,3,502.83,16,Card
411,5/4/2025,1165,2032,402,0,0,26,EBT
412,5/4/2025,1188,2043,403,1,1572.21,31,Gift Card
413,5/4/2025,1044,2078,404,3,426.03,11,Cash
414,5/4/2025,1131,2041,401,3,3216.84,4,Card
415,5/4/2025,1171,2012,402,1,1121.74,35,EBT
416,5/4/2025,1122,2041,402,0,1608.42,18,Gift Card
417,5/4/2025,1066,2049,402,3,0,20,Cash
418,5/4/2025,1192,2034,403,2,326.81,4,Card
419,5/4/2025,1149,2092,401,2,1157.3,26,EBT
420,5/4/2025,1167,2046,402,0,133.72,38,Gift Card
421,5/4/2025,1170,2015,404,2,0,7,Cash
422,5/4/2025,1040,2051,403,0,469.28,10,Card
423,5/4/2025,1163,2037,403,1,0,35,EBT
424,5/4/2025,1056,2017,404,1,834.66,9,Gift Card
425,5/4/2025,1116,2095,403,3,490.79,5,Cash
426,5/4/2025,1179,2070,404,1,61.52,37,Card
427,5/4/2025,1195,2031,401,3,1695.9,15,EBT
428,5/4/2025,1135,2090,403,0,0,38,Gift Card
429,5/4/2025,1144,2014,401,1,443.34,27,Cash
430,5/4/2025,1146,2068,402,1,2952.86,18,Card
431,5/4/2025,1083,2066,404,0,516.06,31,EBT
432,5/4/2025,1174,2026,404,0,423.12,23,Gift Card
433,5/4/2025,1130,2057,401,3,1747.92,23,Cash
434,5/4/2025,1033,2065,404,3,0,19,Card
435,5/4/2025,1144,2007,404,2,933.42,37,EBT
436,5/4/2025,1185,2002,404,2,692.8,28,Gift Card
437,5/4/2025,1000,2095,402,0,0,30,Cash
438,5/4/2025,1011,2054,403,0,900.51,29,Card
439,5/4/2025,1138,2007,401,3,2333.56,7,EBT
440,5/4/2025,1008,2036,404,1,196.18,23,Gift Card
441,5/4/2025,1196,2017,404,2,741.92,28,Cash
442,5/4/2025,1097,2057,404,3,436.98,0,Card
443,5/4/2025,1020,2087,402,2,637.28,10,EBT
444,5/4/2025,1030,2022,404,1,604.06,3,Gift Card
445,5/4/2025,1186,2028,401,0,2551.76,15,Cash
446,5/4/2025,1076,2059,404,3,1536.15,33,Card
447,5/4/2025,1058,2031,404,2,0,24,EBT
448,5/4/2025,1039,2035,402,0,899.99,10,Gift Card
449,5/4/2025,1008,2084,404,0,845.55,19,Cash
450,5/4/2025,1061,2026,401,0,423.12,29,Card
451,5/4/2025,1152,2004,404,0,2781.75,22,EBT
452,5/4/2025,1062,2094,401,3,1973.4,29,Gift Card
453,5/4/2025,1112,2029,402,0,13.51,4,Cash
454,5/4/2025,1035,2064,403,1,0,25,Card
455,5/4/2025,1187,2073,403,2,399.54,23,EBT
456,5/4/2025,1060,2038,402,1,3335.44,0,Gift Card
457,5/4/2025,1105,2038,403,0,1853.02,27,Cash
458,5/4/2025,1142,2075,402,3,3903.2,16,Card
459,5/4/2025,1142,2063,401,2,1325.9,37,EBT
460,5/4/2025,1164,2085,404,2,387.44,16,Gift Card
461,5/4/2025,1178,2053,404,1,1647.4,15,Cash
462,5/4/2025,1076,2048,402,3,1072.89,2,Card
463,5/4/2025,1061,2028,403,1,1148.29,40,EBT
464,5/4/2025,1118,2007,404,3,1750.17,12,Gift Card
465,5/4/2025,1142,2067,402,3,1163.8,2,Cash
466,5/4/2025,1062,2032,402,2,756.48,1,Card
467,5/4/2025,1165,2010,404,2,124.54,27,EBT
468,5/4/2025,1023,2068,402,0,2460.72,25,Gift Card
469,5/4/2025,1068,2048,401,0,715.26,39,Cash
470,5/4/2025,1048,2097,402,3,0,40,Card
471,5/4/2025,1053,2042,403,0,167.61,2,EBT
472,5/4/2025,1054,2024,401,3,372.81,1,Gift Card
473,5/4/2025,1062,2089,402,3,1240.56,16,Cash
474,5/4/2025,1061,2070,403,2,27.34,14,Card
475,5/4/2025,1097,2059,403,2,0,21,EBT
476,5/4/2025,1066,2046,404,3,200.58,23,Gift Card
477,5/4/2025,1025,2092,404,2,771.54,33,Cash
478,5/4/2025,1052,2047,403,3,334.98,22,Card
479,5/4/2025,1011,2072,402,1,756.54,18,EBT
480,5/4/2025,1004,2033,404,2,0,20,Gift Card
481,5/4/2025,1039,2025,403,1,503.32,18,Cash
482,5/4/2025,1097,2072,402,3,420.3,29,Card
483,5/4/2025,1140,2083,403,2,1843.58,27,EBT
484,5/4/2025,1195,2062,404,3,3096.8,5,Gift Card
485,5/4/2025,1043,2093,403,1,1360.69,3,Cash
486,5/4/2025,1035,2092,404,1,0,33,Card
487,5/4/2025,1138,2082,401,0,533.2,0,EBT
488,5/4/2025,1019,2085,401,0,484.3,2,Gift Card
489,5/4/2025,1105,2017,402,0,1391.1,34,Cash
490,5/4/2025,1181,2019,401,1,4202.68,31,Card
491,5/4/2025,1129,2058,403,0,1333.5,5,EBT
492,5/4/2025,1158,2081,404,3,2984.88,2,Gift Card
493,5/4/2025,1004,2000,404,0,2907.93,14,Cash
494,5/4/2025,1004,2067,403,2,465.52,13,Card
495,5/4/2025,1004,2064,404,1,1323.18,12,EBT
496,5/4/2025,1027,2012,402,1,1121.74,34,Gift Card
497,5/4/2025,1049,2079,403,2,3802.16,16,Cash
498,5/4/2025,1068,2050,401,2,0,35,Card
499,5/4/2025,1103,2058,402,1,600.08,31,EBT
500,5/4/2025,1076,2087,401,0,159.32,0,Gift Card
501,5/4/2025,1023,2051,404,3,351.96,11,Cash
502,5/4/2025,1141,2060,401,0,408.38,26,Card
503,5/4/2025,1179,2021,401,3,835.41,16,EBT
504,5/4/2025,1111,2082,403,0,0,4,Gift Card
505,5/4/2025,1135,2005,402,1,1157.71,28,Cash
506,5/4/2025,1177,2072,404,2,1008.72,14,Card
507,5/4/2025,1011,2009,403,0,0,34,EBT
508,5/4/2025,1045,2040,401,1,31.09,33,Gift Card
509,5/4/2025,1150,2018,404,0,1084.52,28,Cash
510,5/4/2025,1076,2020,402,3,2254.98,31,Card
511,5/4/2025,1173,2069,403,3,232.39,20,EBT
512,5/4/2025,1193,2094,402,0,1480.05,8,Gift Card
513,5/4/2025,1128,2095,403,0,0,25,Cash
514,5/4/2025,1025,2055,402,0,107.88,1,Card
515,5/4/2025,1087,2077,404,2,449.46,23,EBT
516,5/4/2025,1007,2081,403,3,746.22,30,Gift Card
517,5/4/2025,1125,2029,403,3,40.53,20,Cash
518,5/4/2025,1110,2023,404,0,1879.08,6,Card
519,5/4/2025,1197,2079,403,1,855.49,15,EBT
520,5/4/2025,1182,2009,401,2,53.05,13,Gift Card
521,5/4/2025,1039,2048,402,3,357.63,36,Cash
522,5/4/2025,1081,2046,401,0,33.43,4,Card
523,5/4/2025,1001,2039,404,2,2343.46,0,EBT
524,5/4/2025,1194,2034,401,1,245.11,2,Gift Card
525,5/4/2025,1022,2023,404,3,5637.24,23,Cash
526,5/4/2025,1142,2071,404,0,615.16,36,Card
527,5/4/2025,1006,2011,403,0,1229.22,27,EBT
528,5/4/2025,1152,2076,403,3,2418.21,0,Gift Card
529,5/4/2025,1003,2037,404,3,1440.56,27,Cash
530,5/4/2025,1199,2010,402,1,210.17,25,Card
531,5/4/2025,1175,2048,402,1,965.6,29,EBT
532,5/4/2025,1068,2038,403,3,0,31,Gift Card
533,5/4/2025,1037,2008,402,3,266.36,29,Cash
534,5/4/2025,1070,2053,403,3,1830.45,31,Card
535,5/4/2025,1005,2009,403,2,53.05,30,EBT
536,5/4/2025,1063,2092,404,1,867.98,25,Gift Card
537,5/4/2025,1117,2013,402,2,2244.86,25,Cash
538,5/4/2025,1001,2050,403,3,0,22,Card
539,5/4/2025,1084,2056,403,3,1574.16,10,EBT
540,5/4/2025,1166,2076,402,2,0,30,Gift Card
541,5/4/2025,1082,2077,402,3,0,6,Cash
542,5/4/2025,1080,2022,404,2,1073.89,0,Card
543,5/4/2025,1074,2094,404,1,444.02,23,EBT
544,5/4/2025,1083,2048,403,3,0,21,Gift Card
545,5/4/2025,1093,2014,402,1,221.67,30,Cash
546,5/4/2025,1174,2098,401,3,2723.58,9,Card
547,5/4/2025,1181,2026,404,2,507.74,39,EBT
548,5/4/2025,1177,2008,404,3,332.95,19,Gift Card
549,5/4/2025,1035,2081,403,1,1343.2,28,Cash
550,5/4/2025,1064,2084,402,3,845.55,33,Card
551,5/4/2025,1096,2009,404,3,198.93,39,EBT
552,5/4/2025,1149,2051,404,0,0,25,Gift Card
553,5/4/2025,1092,2089,401,0,827.04,0,Cash
554,5/4/2025,1196,2031,403,1,1526.31,17,Card
555,5/4/2025,1165,2078,401,3,142.01,34,EBT
556,5/4/2025,1192,2042,404,0,1005.66,28,Gift Card
557,5/4/2025,1002,2012,403,1,560.87,9,Cash
558,5/4/2025,1130,2095,402,3,1963.16,14,Card
559,5/4/2025,1095,2050,404,1,168.1,7,EBT
560,5/4/2025,1088,2003,404,0,385.18,13,Gift Card
561,5/4/2025,1075,2053,401,0,1830.45,0,Cash
562,5/4/2025,1186,2018,403,2,1301.42,34,Card
563,5/4/2025,1087,2058,402,3,2667,22,EBT
564,5/4/2025,1089,2060,401,3,408.38,4,Gift Card
565,5/4/2025,1184,2089,404,2,1984.9,3,Cash
566,5/4/2025,1017,2038,401,0,0,26,Card
567,5/4/2025,1005,2043,401,1,786.1,7,EBT
568,5/4/2025,1189,2031,402,1,2035.08,3,Gift Card
569,5/4/2025,1084,2071,404,3,0,32,Cash
570,5/4/2025,1059,2051,402,1,527.94,2,Card
571,5/4/2025,1163,2084,404,3,845.55,39,EBT
572,5/4/2025,1007,2094,402,3,493.35,10,Gift Card
573,5/4/2025,1151,2054,404,0,0,32,Cash
574,5/4/2025,1180,2027,402,2,0,37,Card
575,5/4/2025,1192,2090,401,0,286.56,27,EBT
576,5/4/2025,1137,2023,403,2,1503.26,28,Gift Card
577,5/4/2025,1050,2058,401,2,1066.8,3,Cash
578,5/4/2025,1171,2062,403,3,619.36,37,Card
579,5/4/2025,1156,2050,401,2,0,27,EBT
580,5/4/2025,1090,2058,402,2,1066.8,19,Gift Card
581,5/4/2025,1157,2075,401,1,702.58,1,Cash
582,5/4/2025,1080,2015,402,2,1619.93,21,Card
583,5/4/2025,1029,2023,403,1,0,5,EBT
584,5/4/2025,1130,2049,404,1,845.86,37,Gift Card
585,5/4/2025,1147,2049,404,1,845.86,25,Cash
586,5/4/2025,1124,2081,402,1,2686.39,7,Card
587,5/4/2025,1125,2036,402,1,588.55,39,EBT
588,5/4/2025,1080,2057,401,2,699.17,35,Gift Card
589,5/4/2025,1002,2062,402,1,1114.85,16,Cash
590,5/4/2025,1098,2071,404,3,1845.48,19,Card
591,5/4/2025,1175,2062,404,3,1858.08,5,EBT
592,5/4/2025,1125,2021,401,0,1670.82,7,Gift Card
593,5/4/2025,1194,2028,403,0,637.94,13,Cash
594,5/4/2025,1070,2028,403,1,0,12,Card
595,5/4/2025,1199,2058,404,0,2667,21,EBT
596,5/4/2025,1146,2014,403,2,0,2,Gift Card
597,5/4/2025,1138,2096,401,3,2688.72,21,Cash
598,5/4/2025,1139,2027,404,0,258.61,32,Card
599,5/4/2025,1188,2083,402,2,1229.06,33,EBT
600,5/4/2025,1008,2057,403,2,699.17,39,Gift Card
601,5/4/2025,1022,2056,401,1,2361.24,11,Cash
602,5/4/2025,1053,2094,403,3,493.35,37,Card
603,5/4/2025,1042,2078,402,1,127.81,36,EBT
604,5/4/2025,1052,2007,403,2,2333.56,4,Gift Card
605,5/4/2025,1152,2068,402,2,656.19,11,Cash
606,5/4/2025,1180,2037,403,2,288.11,4,Card
607,5/4/2025,1131,2086,401,1,2414.07,7,EBT
608,5/4/2025,1192,2052,401,2,0,28,Gift Card
609,5/4/2025,1167,2016,402,1,290.72,34,Cash
610,5/4/2025,1037,2091,403,1,0,19,Card
611,5/4/2025,1194,2086,404,3,0,34,EBT
612,5/4/2025,1036,2073,403,3,1997.72,20,Gift Card
613,5/4/2025,1096,2057,401,0,1310.94,12,Cash
614,5/4/2025,1103,2065,403,2,376.27,36,Card
615,5/4/2025,1116,2062,403,0,1238.72,2,EBT
616,5/4/2025,1198,2093,401,3,0,6,Gift Card
617,5/4/2025,1162,2085,403,0,0,36,Cash
618,5/4/2025,1136,2050,402,3,933.9,14,Card
619,5/4/2025,1054,2063,403,2,441.97,6,EBT
620,5/4/2025,1072,2043,402,3,4367.25,36,Gift Card
621,5/4/2025,1087,2087,401,0,637.28,21,Cash
622,5/4/2025,1025,2080,404,0,3329.04,15,Card
623,5/4/2025,1031,2020,404,3,1127.49,38,EBT
624,5/4/2025,1000,2054,402,1,1620.92,28,Gift Card
625,5/4/2025,1166,2038,402,2,2223.62,29,Cash
626,5/4/2025,1023,2083,403,2,1229.06,1,Card
627,5/4/2025,1021,2047,402,0,1674.9,8,EBT
628,5/4/2025,1101,2080,403,1,3745.17,4,Gift Card
629,5/4/2025,1109,2083,401,0,768.16,21,Cash
630,5/4/2025,1000,2027,404,0,517.22,40,Card
631,5/4/2025,1033,2075,402,3,780.64,38,EBT
632,5/4/2025,1002,2001,403,0,824.7,2,Gift Card
633,5/4/2025,1108,2088,402,3,3546.75,13,Cash
634,5/4/2025,1018,2029,404,0,27.02,25,Card
635,5/4/2025,1187,2013,401,2,2993.15,10,EBT
636,5/4/2025,1094,2038,402,3,926.51,29,Gift Card
637,5/4/2025,1198,2096,402,1,1814.89,14,Cash
638,5/4/2025,1017,2067,401,1,523.71,10,Card
639,5/4/2025,1112,2044,402,1,560.47,27,EBT
640,5/4/2025,1105,2078,404,1,383.43,39,Gift Card
641,5/4/2025,1022,2012,402,0,623.19,13,Cash
642,5/4/2025,1150,2093,404,2,1814.26,1,Card
643,5/4/2025,1109,2040,402,1,31.09,18,EBT
644,5/4/2025,1070,2082,401,1,719.82,16,Gift Card
645,5/4/2025,1141,2076,403,0,3224.28,40,Cash
646,5/4/2025,1168,2038,402,1,1667.72,0,Card
647,5/4/2025,1191,2050,403,0,560.34,13,EBT
648,5/4/2025,1005,2030,404,3,679.88,12,Gift Card
649,5/4/2025,1028,2030,404,0,509.91,6,Cash
650,5/4/2025,1135,2001,403,2,989.64,26,Card
651,5/4/2025,1033,2049,404,2,751.87,19,EBT
652,5/4/2025,1139,2087,402,3,0,16,Gift Card
653,5/4/2025,1197,2009,401,0,265.24,2,Cash
654,5/4/2025,1003,2033,402,0,836.25,16,Card
655,5/4/2025,1015,2050,403,3,560.34,1,EBT
656,5/4/2025,1108,2089,404,0,413.52,31,Gift Card
657,5/4/2025,1163,2068,402,2,3280.96,26,Cash
658,5/4/2025,1021,2039,401,1,878.8,9,Card
659,5/4/2025,1039,2068,403,3,2460.72,2,EBT
660,5/4/2025,1150,2081,401,2,1193.95,28,Gift Card
661,5/4/2025,1178,2055,402,0,53.94,28,Cash
662,5/4/2025,1062,2011,404,0,0,13,Card
663,5/4/2025,1116,2078,401,2,0,14,EBT
664,5/4/2025,1170,2094,402,0,986.7,12,Gift Card
665,5/4/2025,1003,2090,402,0,143.28,29,Cash
666,5/4/2025,1041,2063,403,2,1325.9,2,Card
667,5/4/2025,1042,2047,402,2,803.95,33,EBT
668,5/4/2025,1187,2015,401,2,0,16,Gift Card
669,5/4/2025,1109,2034,401,2,326.81,32,Cash
670,5/4/2025,1182,2073,401,3,499.43,6,Card
671,5/4/2025,1116,2065,403,0,470.34,12,EBT
672,5/4/2025,1127,2072,402,2,1008.72,39,Gift Card
673,5/4/2025,1040,2032,401,0,0,34,Cash
674,5/4/2025,1058,2094,401,0,493.35,0,Card
675,5/4/2025,1003,2031,401,3,1695.9,3,EBT
676,5/4/2025,1093,2049,402,1,1691.71,4,Gift Card
677,5/4/2025,1009,2070,404,1,30.76,5,Cash
678,5/4/2025,1082,2031,404,2,452.24,36,Card
679,5/4/2025,1069,2009,403,0,0,2,EBT
680,5/4/2025,1128,2086,401,1,804.69,33,Gift Card
681,5/4/2025,1057,2066,401,3,1548.18,40,Cash
682,5/4/2025,1017,2059,403,2,409.64,38,Card
683,5/4/2025,1083,2011,404,0,1638.96,7,EBT
684,5/4/2025,1094,2025,403,2,223.7,36,Gift Card
685,5/4/2025,1189,2079,402,3,3802.16,35,Cash
686,5/4/2025,1094,2075,404,1,702.58,34,Card
687,5/4/2025,1187,2069,402,1,627.45,30,EBT
688,5/4/2025,1001,2052,401,1,0,0,Gift Card
689,5/4/2025,1138,2044,401,2,166.06,17,Cash
690,5/4/2025,1000,2097,404,2,1347.36,10,Card
691,5/4/2025,1026,2026,402,3,211.56,7,EBT
692,5/4/2025,1125,2007,402,2,933.42,23,Gift Card
693,5/4/2025,1023,2005,402,3,1286.34,39,Cash
694,5/4/2025,1179,2047,404,0,669.96,16,Card
695,5/4/2025,1148,2012,402,3,3115.95,27,EBT
696,5/4/2025,1019,2075,401,3,2341.92,25,Gift Card
697,5/4/2025,1169,2016,402,2,775.25,12,Cash
698,5/4/2025,1066,2040,404,2,55.26,33,Card
699,5/4/2025,1081,2057,403,1,393.28,12,EBT
700,5/4/2025,1019,2025,402,0,559.24,4,Gift Card
701,5/4/2025,1039,2013,402,3,4676.8,7,Cash
702,5/4/2025,1119,2040,404,0,69.08,20,Card
703,5/4/2025,1137,2045,402,3,0,9,EBT
704,5/4/2025,1078,2059,403,0,1536.15,27,Gift Card
705,5/4/2025,1023,2020,403,0,0,23,Cash
706,5/4/2025,1055,2041,402,0,4021.05,4,Card
707,5/4/2025,1182,2031,403,3,1695.9,16,EBT
708,5/4/2025,1131,2006,403,2,475.2,13,Gift Card
709,5/4/2025,1044,2003,404,3,1155.54,34,Cash
710,5/4/2025,1142,2095,402,0,2453.95,26,Card
711,5/4/2025,1118,2013,402,0,1870.72,24,EBT
712,5/4/2025,1003,2007,402,1,1050.1,32,Gift Card
713,5/4/2025,1050,2051,403,0,117.32,14,Cash
714,5/4/2025,1149,2075,403,0,780.64,29,Card
715,5/4/2025,1005,2008,402,3,466.13,31,EBT
716,5/4/2025,1032,2011,403,0,409.74,15,Gift Card
717,5/4/2025,1010,2059,401,1,921.69,10,Cash
718,5/4/2025,1146,2055,404,3,0,21,Card
719,5/4/2025,1007,2048,404,1,1287.47,38,EBT
720,5/4/2025,1090,2027,402,2,413.78,33,Gift Card
721,5/4/2025,1071,2057,402,0,1310.94,33,Cash
722,5/4/2025,1157,2079,402,2,2281.3,1,Card
723,5/4/2025,1127,2052,404,0,2193.78,27,EBT
724,5/4/2025,1022,2035,404,1,1619.98,6,Gift Card
725,5/4/2025,1107,2025,402,0,279.62,27,Cash
726,5/4/2025,1097,2091,403,3,2717.37,33,Card
727,5/4/2025,1139,2062,403,2,1486.46,32,EBT
728,5/4/2025,1099,2034,402,0,408.51,27,Gift Card
729,5/4/2025,1081,2076,402,0,2418.21,14,Cash
730,5/4/2025,1199,2035,401,3,2699.97,9,Card
731,5/4/2025,1135,2045,402,1,842.78,36,EBT
732,5/4/2025,1025,2031,402,2,904.48,27,Gift Card
733,5/4/2025,1136,2094,401,1,0,12,Cash
734,5/4/2025,1147,2049,403,1,3383.42,19,Card
735,5/4/2025,1045,2030,403,2,407.93,5,EBT
736,5/4/2025,1151,2003,403,1,693.32,31,Gift Card
737,5/4/2025,1144,2024,404,2,298.25,23,Cash
738,5/4/2025,1044,2062,401,0,1238.72,34,Card
739,5/4/2025,1014,2029,402,0,13.51,4,EBT
740,5/4/2025,1134,2061,401,2,639.74,15,Gift Card
741,5/4/2025,1157,2025,402,2,671.09,35,Cash
742,5/4/2025,1183,2022,403,0,2684.72,31,Card
743,5/4/2025,1005,2018,402,0,542.26,21,EBT
744,5/4/2025,1134,2046,401,2,53.49,14,Gift Card
745,5/4/2025,1180,2084,404,0,281.85,24,Cash
746,5/4/2025,1086,2038,403,1,1667.72,39,Card
747,5/4/2025,1040,2093,404,3,755.94,29,EBT
748,5/4/2025,1166,2040,402,2,27.63,9,Gift Card
749,5/4/2025,1057,2085,402,3,1452.9,21,Cash
750,5/4/2025,1078,2093,403,1,0,21,Card
751,5/4/2025,1045,2093,401,3,2267.82,1,EBT
752,5/4/2025,1197,2072,401,1,1513.08,21,Gift Card
753,5/4/2025,1154,2040,402,0,69.08,6,Cash
754,5/4/2025,1127,2018,403,0,0,8,Card
755,5/4/2025,1060,2044,403,1,934.11,7,EBT
756,5/4/2025,1162,2011,403,3,1229.22,2,Gift Card
757,5/4/2025,1002,2033,402,1,3010.5,32,Cash
758,5/4/2025,1177,2008,403,2,159.82,34,Card
759,5/4/2025,1027,2092,401,0,482.21,7,EBT
760,5/4/2025,1098,2056,404,1,944.5,16,Gift Card
761,5/4/2025,1105,2063,404,2,2209.84,16,Cash
762,5/4/2025,1139,2048,401,3,357.63,7,Card
763,5/4/2025,1147,2083,402,1,691.34,40,EBT
764,5/4/2025,1115,2009,401,2,53.05,24,Gift Card
765,5/4/2025,1005,2040,403,0,103.62,15,Cash
766,5/4/2025,1018,2043,402,3,2620.35,3,Card
767,5/4/2025,1041,2093,401,0,755.94,39,EBT
768,5/4/2025,1086,2076,404,0,0,20,Gift Card
769,5/4/2025,1110,2083,402,3,768.16,10,Cash
770,5/4/2025,1040,2006,401,2,0,26,Card
771,5/4/2025,1052,2024,404,2,298.25,6,EBT
772,5/4/2025,1169,2036,403,1,392.36,25,Gift Card
773,5/4/2025,1024,2006,404,3,0,8,Cash
774,5/4/2025,1039,2006,403,0,198,25,Card
775,5/4/2025,1109,2011,403,3,1638.96,2,EBT
776,5/4/2025,1051,2012,401,1,1121.74,4,Gift Card
777,5/4/2025,1043,2081,403,0,746.22,23,Cash
778,5/4/2025,1121,2014,403,3,985.2,40,Card
779,5/4/2025,1120,2062,403,0,2477.44,3,EBT
780,5/4/2025,1164,2069,404,1,0,20,Gift Card
781,5/4/2025,1094,2048,403,1,321.87,22,Cash
782,5/4/2025,1114,2005,403,3,428.78,13,Card
783,5/4/2025,1119,2033,402,2,1338,13,EBT
784,5/4/2025,1144,2007,402,0,1166.78,14,Gift Card
785,5/4/2025,1021,2085,403,3,0,22,Cash
786,5/4/2025,1193,2075,402,0,1561.28,2,Card
787,5/4/2025,1099,2066,404,3,0,1,EBT
788,5/4/2025,1146,2030,404,2,543.9,2,Gift Card
789,5/4/2025,1020,2050,401,1,168.1,27,Cash
790,5/4/2025,1030,2096,404,1,3024.81,21,Card
791,5/4/2025,1042,2027,402,1,232.75,35,EBT
792,5/4/2025,1010,2054,401,3,900.51,28,Gift Card
793,5/4/2025,1051,2080,402,2,0,22,Cash
794,5/4/2025,1081,2093,401,0,755.94,9,Card
795,5/4/2025,1099,2071,404,2,984.26,9,EBT
796,5/4/2025,1070,2066,404,0,0,32,Gift Card
797,5/4/2025,1179,2079,404,0,2851.62,8,Cash
798,5/4/2025,1106,2019,402,0,3735.72,37,Card
799,5/4/2025,1027,2072,401,2,672.48,32,EBT
800,5/4/2025,1137,2044,404,2,830.32,31,Gift Card
801,5/4/2025,1098,2083,404,3,2304.48,30,Cash
802,5/4/2025,1009,2022,403,3,2684.72,20,Card
803,5/4/2025,1036,2079,404,0,950.54,12,EBT
804,5/4/2025,1101,2042,402,0,335.22,2,Gift Card
805,5/4/2025,1190,2060,403,2,0,17,Cash
806,5/4/2025,1005,2043,403,2,2096.28,23,Card
807,5/4/2025,1071,2062,401,1,557.42,38,EBT
808,5/4/2025,1034,2038,404,2,2223.62,22,Gift Card
809,5/4/2025,1068,2093,404,0,2267.82,16,Cash
810,5/4/2025,1048,2056,402,3,524.72,7,Card
811,5/4/2025,1189,2062,403,0,1858.08,9,EBT
812,5/4/2025,1131,2020,401,2,0,9,Gift Card
813,5/4/2025,1181,2064,404,1,264.64,23,Cash
814,5/4/2025,1199,2067,401,1,0,14,Card
815,5/4/2025,1049,2025,401,1,503.32,14,EBT
816,5/4/2025,1008,2058,401,2,533.4,4,Gift Card
817,5/4/2025,1180,2025,403,2,894.78,33,Cash
818,5/4/2025,1118,2064,404,0,882.12,22,Card
819,5/4/2025,1174,2003,402,2,308.14,37,EBT
820,5/4/2025,1125,2076,404,1,725.46,32,Gift Card
821,5/4/2025,1121,2075,403,2,2498.05,0,Cash
822,5/4/2025,1041,2033,401,2,669,12,Card
823,5/4/2025,1007,2049,401,1,845.86,3,EBT
824,5/4/2025,1146,2099,402,1,581.69,6,Gift Card
825,5/4/2025,1165,2028,402,2,1531.06,15,Cash
826,5/4/2025,1166,2052,401,0,731.26,31,Card
827,5/4/2025,1121,2016,402,0,646.04,33,EBT
828,5/4/2025,1057,2032,403,2,3782.4,30,Gift Card
829,5/4/2025,1108,2048,403,3,357.63,0,Cash
830,5/4/2025,1064,2027,404,2,413.78,4,Card
831,5/4/2025,1173,2066,404,0,2580.3,12,EBT
832,5/4/2025,1001,2065,403,2,376.27,34,Gift Card
833,5/4/2025,1076,2087,401,3,796.6,10,Cash
834,5/4/2025,1016,2043,403,2,2795.04,14,Card
835,5/4/2025,1070,2033,403,1,752.62,21,EBT
836,5/4/2025,1038,2066,402,0,1032.12,21,Gift Card
837,5/4/2025,1153,2051,403,1,316.76,33,Cash
838,5/4/2025,1184,2003,404,2,1848.86,34,Card
839,5/4/2025,1066,2053,404,3,0,23,EBT
840,5/4/2025,1188,2004,402,2,2967.2,2,Gift Card
841,5/4/2025,1185,2091,402,3,3623.16,39,Cash
842,5/4/2025,1171,2045,403,1,280.93,6,Card
843,5/4/2025,1168,2071,402,2,1968.51,20,EBT
844,5/4/2025,1024,2060,402,2,326.7,19,Gift Card
845,5/4/2025,1185,2071,402,2,984.26,36,Cash
846,5/4/2025,1167,2011,402,2,327.79,39,Card
847,5/4/2025,1057,2095,403,3,2453.95,12,EBT
848,5/4/2025,1084,2047,403,2,803.95,17,Gift Card
849,5/4/2025,1118,2015,404,0,4049.82,14,Cash
850,5/4/2025,1162,2074,401,3,659.5,4,Card
851,5/4/2025,1049,2064,401,3,882.12,21,EBT
852,5/4/2025,1135,2038,404,0,926.51,15,Gift Card
853,5/4/2025,1038,2017,402,2,741.92,16,Cash
854,5/4/2025,1104,2072,404,1,1134.81,38,Card
855,5/4/2025,1080,2091,402,0,2717.37,30,EBT
856,5/4/2025,1124,2042,402,2,0,25,Gift Card
857,5/4/2025,1162,2007,401,3,583.39,14,Cash
858,5/4/2025,1070,2026,402,1,190.4,9,Card
859,5/4/2025,1125,2097,401,1,3031.56,20,EBT
860,5/4/2025,1157,2055,404,3,53.94,11,Gift Card
861,5/4/2025,1109,2061,404,0,799.68,35,Cash
862,5/4/2025,1009,2068,402,2,0,10,Card
863,5/4/2025,1003,2041,402,0,2412.63,4,EBT
864,5/4/2025,1173,2000,402,1,872.38,12,Gift Card
865,5/4/2025,1177,2044,403,1,373.64,28,Cash
866,5/4/2025,1026,2049,403,1,3383.42,23,Card
867,5/4/2025,1016,2005,403,2,686.05,27,EBT
868,5/4/2025,1116,2093,403,3,755.94,24,Gift Card
869,5/4/2025,1175,2017,403,3,463.7,36,Cash
870,5/4/2025,1091,2096,402,1,1209.92,29,Card
871,5/4/2025,1103,2002,402,1,779.4,8,EBT
872,5/4/2025,1186,2016,402,0,646.04,36,Gift Card
873,5/4/2025,1150,2064,402,0,294.04,34,Cash
874,5/4/2025,1093,2091,401,3,2717.37,38,Card
875,5/4/2025,1163,2032,401,0,0,36,EBT
876,5/4/2025,1169,2013,401,0,935.36,25,Gift Card
877,5/4/2025,1176,2014,404,3,1231.5,9,Cash
878,5/4/2025,1097,2015,403,3,2699.88,25,Card
879,5/4/2025,1179,2019,402,0,1867.86,19,EBT
880,5/4/2025,1077,2053,401,2,976.24,5,Gift Card
881,5/4/2025,1159,2077,402,3,561.83,10,Cash
882,5/4/2025,1026,2065,401,2,1881.36,27,Card
883,5/4/2025,1029,2013,404,1,0,31,EBT
884,5/4/2025,1155,2025,403,1,503.32,24,Gift Card
885,5/4/2025,1091,2090,404,2,171.94,29,Cash
886,5/4/2025,1041,2005,404,1,385.9,34,Card
887,5/4/2025,1176,2061,403,1,359.86,35,EBT
888,5/4/2025,1000,2001,401,0,1649.4,10,Gift Card
889,5/4/2025,1146,2085,404,1,653.81,24,Cash
890,5/4/2025,1023,2099,401,0,1292.64,9,Card
891,5/4/2025,1065,2082,402,3,266.6,31,EBT
892,5/4/2025,1075,2033,404,0,2508.75,34,Gift Card
893,5/4/2025,1025,2022,401,2,1073.89,10,Cash
894,5/4/2025,1092,2086,403,3,894.1,29,Card
895,5/4/2025,1189,2014,401,0,0,30,EBT
896,5/4/2025,1002,2017,402,2,0,29,Gift Card
897,5/4/2025,1091,2056,403,0,1049.44,30,Cash
898,5/4/2025,1095,2043,402,0,0,19,Card
899,5/4/2025,1102,2051,404,2,93.86,5,EBT
900,5/4/2025,1098,2088,404,3,0,19,Gift Card
901,5/4/2025,1166,2021,401,1,0,10,Cash
902,5/4/2025,1178,2092,401,1,867.98,31,Card
903,5/4/2025,1026,2053,404,3,1830.45,12,EBT
904,5/4/2025,1046,2078,404,2,454.43,33,Gift Card
905,5/4/2025,1156,2003,402,3,1925.9,24,Cash
906,5/4/2025,1124,2014,404,3,0,22,Card
907,5/4/2025,1011,2008,403,2,106.54,2,EBT
908,5/4/2025,1003,2090,402,2,57.31,16,Gift Card
909,5/4/2025,1132,2066,401,3,1548.18,1,Cash
910,5/4/2025,1169,2093,402,3,755.94,20,Card
911,5/4/2025,1088,2084,404,1,0,19,EBT
912,5/4/2025,1142,2078,401,0,568.04,12,Gift Card
913,5/4/2025,1164,2020,404,3,1879.15,39,Cash
914,5/4/2025,1042,2009,404,2,53.05,5,Card
915,5/4/2025,1061,2042,403,0,167.61,34,EBT
916,5/4/2025,1129,2028,404,3,2551.76,7,Gift Card
917,5/4/2025,1060,2010,404,3,544.88,26,Cash
918,5/4/2025,1146,2057,401,3,436.98,26,Card
919,5/4/2025,1114,2040,401,3,34.54,27,EBT
920,5/4/2025,1190,2083,401,0,2304.48,8,Gift Card
921,5/4/2025,1103,2052,401,0,2193.78,19,Cash
922,5/4/2025,1023,2077,403,1,505.65,37,Card
923,5/4/2025,1167,2085,404,2,387.44,1,EBT
924,5/4/2025,1093,2006,402,3,594,39,Gift Card
925,5/4/2025,1084,2071,404,2,492.13,29,Cash
926,5/4/2025,1183,2057,401,0,873.96,11,Card
927,5/4/2025,1194,2084,402,0,563.7,38,EBT
928,5/4/2025,1087,2045,403,2,499.42,12,Gift Card
929,5/4/2025,1179,2013,401,1,1683.65,9,Cash
930,5/4/2025,1126,2017,404,0,927.4,33,Card
931,5/4/2025,1065,2078,402,1,127.81,34,EBT
932,5/4/2025,1030,2050,402,3,186.78,19,Gift Card
933,5/4/2025,1005,2024,403,0,621.35,10,Cash
934,5/4/2025,1193,2053,401,0,1830.45,40,Card
935,5/4/2025,1197,2057,404,1,1179.85,22,EBT
936,5/4/2025,1127,2000,401,3,969.31,35,Gift Card
937,5/4/2025,1149,2061,402,1,359.86,14,Cash
938,5/4/2025,1187,2016,401,3,2584.16,4,Card
939,5/4/2025,1168,2076,403,3,2418.21,20,EBT
940,5/4/2025,1107,2077,402,2,898.93,31,Gift Card
941,5/4/2025,1101,2043,403,3,3493.8,6,Cash
942,5/4/2025,1034,2017,404,2,0,14,Card
943,5/4/2025,1179,2070,403,1,61.52,35,EBT
944,5/4/2025,1051,2026,403,2,338.5,30,Gift Card
945,5/4/2025,1172,2016,402,2,516.83,36,Cash
946,5/4/2025,1181,2014,403,3,246.3,23,Card
947,5/4/2025,1149,2073,404,2,799.09,21,EBT
948,5/4/2025,1108,2001,401,0,412.35,14,Gift Card
949,5/4/2025,1097,2018,401,0,1084.52,35,Cash
950,5/4/2025,1051,2034,402,2,217.87,27,Card
951,5/4/2025,1174,2032,402,0,4728,40,EBT
952,5/4/2025,1176,2037,402,0,720.28,14,Gift Card
953,5/4/2025,1091,2057,401,1,786.56,18,Cash
954,5/4/2025,1190,2082,404,1,239.94,0,Card
955,5/4/2025,1130,2089,403,0,413.52,33,EBT
956,5/4/2025,1097,2049,404,2,0,14,Gift Card
957,5/4/2025,1141,2006,401,2,0,1,Cash
958,5/4/2025,1051,2079,404,1,1710.97,17,Card
959,5/4/2025,1162,2090,403,1,257.9,24,EBT
960,5/4/2025,1198,2092,402,2,771.54,29,Gift Card
961,5/4/2025,1114,2022,401,1,3020.31,11,Cash
962,5/4/2025,1044,2094,401,3,493.35,23,Card
963,5/4/2025,1010,2054,403,2,720.41,10,EBT
964,5/4/2025,1033,2020,403,0,751.66,1,Gift Card
965,5/4/2025,1084,2059,402,0,0,11,Cash
966,5/4/2025,1039,2041,401,2,0,6,Card
967,5/4/2025,1125,2073,403,0,1997.72,20,EBT
968,5/4/2025,1005,2090,403,1,193.43,28,Gift Card
969,5/4/2025,1047,2066,401,1,464.45,1,Cash
970,5/4/2025,1106,2069,404,0,464.78,28,Card
971,5/4/2025,1089,2028,402,2,0,10,EBT
972,5/4/2025,1084,2046,403,1,0,22,Gift Card
973,5/4/2025,1192,2079,404,0,950.54,18,Cash
974,5/4/2025,1029,2085,403,3,726.45,26,Card
975,5/4/2025,1061,2082,402,0,533.2,29,EBT
976,5/4/2025,1174,2041,404,0,804.21,21,Gift Card
977,5/4/2025,1098,2032,403,0,0,1,Cash
978,5/4/2025,1132,2098,403,3,3631.44,0,Card
979,5/4/2025,1124,2005,403,1,1157.71,11,EBT
980,5/4/2025,1082,2065,401,0,1411.02,35,Gift Card
981,5/4/2025,1042,2098,401,0,4539.3,39,Cash
982,5/4/2025,1053,2085,402,3,726.45,6,Card
983,5/4/2025,1026,2026,404,0,423.12,33,EBT
984,5/4/2025,1191,2087,402,0,477.96,40,Gift Card
985,5/4/2025,1117,2091,403,0,1811.58,38,Cash
986,5/4/2025,1022,2009,401,1,119.36,27,Card
987,5/4/2025,1064,2071,401,1,1107.29,7,EBT
988,5/4/2025,1066,2052,404,3,5118.82,32,Gift Card
989,5/4/2025,1161,2051,404,2,375.42,6,Cash
990,5/4/2025,1004,2049,401,0,939.84,33,Card
991,5/4/2025,1164,2092,401,0,2893.26,33,EBT
992,5/4/2025,1179,2009,403,0,66.31,29,Gift Card
993,5/4/2025,1074,2087,403,0,477.96,0,Cash
994,5/4/2025,1072,2097,404,3,842.1,2,Card
995,5/4/2025,1101,2084,401,3,1127.4,37,EBT
996,5/4/2025,1040,2068,402,1,2952.86,9,Gift Card
997,5/4/2025,1191,2050,403,1,504.31,11,Cash
998,5/4/2025,1076,2086,403,0,2682.3,10,Card
999,5/4/2025,1141,2071,402,0,1230.32,33,EBT
1000,5/4/2025,1010,2000,404,0,3877.24,7,Gift Card
1001,5/4/2025,1078,2026,403,1,761.62,9,Cash
1002,5/4/2025,1105,2082,402,1,239.94,32,Card
1003,5/4/2025,1047,2028,403,1,1148.29,33,EBT
1004,5/4/2025,1029,2023,401,3,2818.62,23,Gift Card
1005,5/4/2025,1165,2070,401,2,54.69,23,Cash
1006,5/4/2025,1171,2008,403,0,133.18,34,Card
1007,5/4/2025,1050,2092,404,2,771.54,16,EBT
1008,5/4/2025,1091,2016,402,0,1292.08,4,Gift Card
1009,5/4/2025,1072,2079,401,1,855.49,21,Cash
1010,5/4/2025,1081,2062,404,2,495.49,24,Card
1011,5/4/2025,1157,2084,403,1,253.67,3,EBT
1012,5/4/2025,1144,2072,403,2,672.48,39,Gift Card
1013,5/4/2025,1109,2021,401,2,668.33,6,Cash
1014,5/4/2025,1063,2028,404,2,510.35,30,Card
1015,5/4/2025,1092,2017,403,3,1854.8,4,EBT
1016,5/4/2025,1118,2057,403,2,699.17,37,Gift Card
1017,5/4/2025,1124,2070,401,1,30.76,14,Cash
1018,5/4/2025,1165,2077,401,2,449.46,31,Card
1019,5/4/2025,1035,2068,402,2,1968.58,4,EBT
1020,5/4/2025,1187,2080,401,0,0,22,Gift Card
1021,5/4/2025,1004,2064,401,3,882.12,17,Cash
1022,5/4/2025,1196,2075,402,0,2341.92,21,Card
1023,5/4/2025,1141,2033,404,1,0,13,EBT
1024,5/4/2025,1093,2050,402,2,448.27,8,Gift Card
1025,5/4/2025,1034,2059,401,3,1536.15,28,Cash
1026,5/4/2025,1093,2064,401,1,793.91,5,Card
1027,5/4/2025,1157,2087,402,1,286.78,20,EBT
1028,5/4/2025,1114,2020,402,1,676.49,18,Gift Card
1029,5/4/2025,1188,2093,404,2,1814.26,22,Cash
1030,5/4/2025,1010,2028,404,1,1148.29,15,Card
1031,5/4/2025,1016,2033,403,1,2257.88,25,EBT
1032,5/4/2025,1010,2085,402,2,387.44,4,Gift Card
1033,5/4/2025,1099,2060,404,0,0,16,Cash
1034,5/4/2025,1010,2083,403,0,768.16,27,Card
1035,5/4/2025,1180,2066,403,2,1238.54,7,EBT
1036,5/4/2025,1148,2069,402,3,697.17,7,Gift Card
1037,5/4/2025,1167,2048,403,0,1072.89,37,Cash
1038,5/4/2025,1132,2032,404,1,851.04,7,Card
1039,5/4/2025,1132,2051,403,2,187.71,35,EBT
1040,5/4/2025,1124,2061,401,1,0,34,Gift Card
1041,5/4/2025,1112,2021,402,0,835.41,24,Cash
1042,5/4/2025,1131,2082,403,1,239.94,33,Card
1043,5/4/2025,1038,2023,402,2,0,20,EBT
1044,5/4/2025,1154,2091,401,1,3260.84,22,Gift Card
1045,5/4/2025,1106,2042,401,3,1173.27,19,Cash
1046,5/4/2025,1172,2061,404,1,719.71,21,Card
1047,5/4/2025,1151,2020,404,0,1127.49,18,EBT
1048,5/4/2025,1062,2005,402,1,385.9,4,Gift Card
1049,5/4/2025,1034,2080,401,1,2996.14,30,Cash
1050,5/4/2025,1014,2021,403,1,1503.74,32,Card
1051,5/4/2025,1132,2051,401,2,281.57,15,EBT
1052,5/4/2025,1021,2027,404,3,775.83,15,Gift Card
1053,5/4/2025,1123,2021,402,3,0,39,Cash
1054,5/4/2025,1153,2018,402,2,867.62,16,Card
1055,5/4/2025,1042,2092,403,3,1446.63,37,EBT
1056,5/4/2025,1152,2075,401,1,2107.73,26,Gift Card
1057,5/4/2025,1096,2049,402,0,939.84,34,Cash
1058,5/4/2025,1004,2025,404,1,0,30,Card
1059,5/4/2025,1155,2012,402,3,623.19,11,EBT
1060,5/4/2025,1157,2076,401,0,2418.21,6,Gift Card
1061,5/4/2025,1023,2061,402,0,199.92,33,Cash
1062,5/4/2025,1198,2086,404,3,894.1,0,Card
1063,5/4/2025,1094,2005,404,1,771.8,25,EBT
1064,5/4/2025,1123,2098,404,2,3631.44,1,Gift Card
1065,5/4/2025,1150,2094,401,3,2466.75,39,Cash
1066,5/4/2025,1034,2032,404,1,1702.08,24,Card
1067,5/4/2025,1021,2036,404,2,348.77,34,EBT
1068,5/4/2025,1048,2000,401,0,4846.55,34,Gift Card
1069,5/4/2025,1133,2000,404,1,872.38,22,Cash
1070,5/4/2025,1176,2040,404,2,55.26,29,Card
1071,5/4/2025,1027,2019,404,2,747.14,20,EBT
1072,5/4/2025,1066,2068,404,2,1968.58,36,Gift Card
1073,5/4/2025,1156,2035,404,1,0,26,Cash
1074,5/4/2025,1105,2070,404,1,0,15,Card
1075,5/4/2025,1094,2071,404,2,984.26,7,EBT
1076,5/4/2025,1078,2073,403,3,499.43,4,Gift Card
1077,5/4/2025,1188,2017,401,1,417.33,6,Cash
1078,5/4/2025,1114,2089,402,0,827.04,17,Card
1079,5/4/2025,1054,2065,404,2,376.27,35,EBT
1080,5/4/2025,1140,2078,401,1,255.62,40,Gift Card
1081,5/4/2025,1099,2081,401,0,1492.44,35,Cash
1082,5/4/2025,1037,2060,404,0,1225.14,28,Card
1083,5/4/2025,1016,2033,402,2,2007,29,EBT
1084,5/4/2025,1020,2077,401,3,561.83,37,Gift Card
1085,5/4/2025,1102,2078,403,0,142.01,6,Cash
1086,5/4/2025,1198,2022,404,3,671.18,36,Card
1087,5/4/2025,1002,2025,403,1,503.32,5,EBT
1088,5/4/2025,1008,2076,402,1,1450.93,11,Gift Card
1089,5/4/2025,1172,2004,403,1,834.52,6,Cash
1090,5/4/2025,1167,2000,402,0,969.31,3,Card
1091,5/4/2025,1070,2099,404,2,1551.17,10,EBT
1092,5/4/2025,1171,2050,404,1,168.1,8,Gift Card
1093,5/4/2025,1132,2001,401,0,2061.75,4,Cash
1094,5/4/2025,1140,2036,403,2,348.77,19,Card
1095,5/4/2025,1070,2028,402,3,2551.76,33,EBT
1096,5/4/2025,1103,2073,401,2,0,39,Gift Card
1097,5/4/2025,1044,2052,401,0,2193.78,6,Cash
1098,5/4/2025,1128,2037,403,0,0,13,Card
1099,5/4/2025,1131,2032,403,3,4728,38,EBT
1100,5/4/2025,1096,2072,404,1,378.27,23,Gift Card
1101,5/4/2025,1193,2043,404,3,2620.35,9,Cash
1102,5/4/2025,1150,2003,404,0,1155.54,7,Card
1103,5/4/2025,1066,2008,404,1,59.93,21,EBT
1104,5/4/2025,1173,2089,402,2,0,37,Gift Card
1105,5/4/2025,1105,2045,401,2,499.42,12,Cash
1106,5/4/2025,1063,2036,401,3,653.94,12,Card
1107,5/4/2025,1172,2095,403,0,981.58,38,EBT
1108,5/4/2025,1141,2022,404,2,0,38,Gift Card
1109,5/4/2025,1090,2027,403,1,698.25,3,Cash
1110,5/4/2025,1191,2087,402,3,955.92,19,Card
1111,5/4/2025,1188,2025,402,1,251.66,16,EBT
1112,5/4/2025,1067,2026,402,1,380.81,26,Gift Card
1113,5/4/2025,1063,2079,403,1,1710.97,37,Cash
1114,5/4/2025,1199,2013,401,0,5612.16,12,Card
1115,5/4/2025,1173,2084,404,0,281.85,2,EBT
1116,5/4/2025,1195,2069,401,3,697.17,3,Gift Card
1117,5/4/2025,1095,2079,403,3,950.54,12,Cash
1118,5/4/2025,1147,2035,404,1,809.99,17,Card
1119,5/4/2025,1195,2065,403,3,1411.02,13,EBT
1120,5/4/2025,1056,2096,402,0,0,26,Gift Card
1121,5/4/2025,1134,2054,404,0,3602.04,38,Cash
1122,5/4/2025,1128,2044,404,1,373.64,25,Card
1123,5/4/2025,1117,2015,404,2,1619.93,29,EBT
1124,5/4/2025,1176,2001,401,1,371.12,5,Gift Card
1125,5/4/2025,1097,2074,401,2,527.6,15,Cash
1126,5/4/2025,1092,2078,403,1,383.43,12,Card
1127,5/4/2025,1140,2033,402,2,1338,33,EBT
1128,5/4/2025,1120,2078,403,2,227.22,7,Gift Card
1129,5/4/2025,1047,2063,404,1,0,33,Cash
1130,5/4/2025,1107,2089,403,2,330.82,7,Card
1131,5/4/2025,1102,2035,404,1,1619.98,19,EBT
1132,5/4/2025,1146,2016,402,0,0,33,Gift Card
1133,5/4/2025,1184,2034,402,3,680.85,5,Cash
1134,5/4/2025,1097,2025,402,1,1258.29,32,Card
1135,5/4/2025,1121,2001,402,3,0,35,EBT
1136,5/4/2025,1127,2017,403,3,0,29,Gift Card
1137,5/4/2025,1076,2032,401,3,6619.2,31,Cash
1138,5/4/2025,1025,2088,402,0,0,7,Card
1139,5/4/2025,1055,2032,404,0,945.6,1,EBT
1140,5/4/2025,1115,2095,403,2,0,6,Gift Card
1141,5/4/2025,1092,2046,403,2,80.23,39,Cash
1142,5/4/2025,1005,2052,401,2,1170.02,25,Card
1143,5/4/2025,1173,2077,402,1,1516.94,28,EBT
1144,5/4/2025,1199,2036,403,2,871.92,9,Gift Card
1145,5/4/2025,1172,2065,404,3,2822.04,29,Cash
1146,5/4/2025,1020,2048,403,3,1072.89,2,Card
1147,5/4/2025,1161,2018,402,2,1301.42,17,EBT
1148,5/4/2025,1107,2080,404,0,4993.56,22,Gift Card
1149,5/4/2025,1020,2020,403,1,1014.74,35,Cash
1150,5/4/2025,1080,2040,403,2,55.26,37,Card
1151,5/4/2025,1154,2082,404,2,639.84,0,EBT
1152,5/4/2025,1113,2099,403,3,646.32,26,Gift Card
1153,5/4/2025,1105,2021,402,0,835.41,25,Cash
1154,5/4/2025,1032,2093,402,2,2419.01,4,Card
1155,5/4/2025,1190,2089,401,1,0,10,EBT
1156,5/4/2025,1042,2050,401,0,1120.68,12,Gift Card
1157,5/4/2025,1016,2060,401,0,816.76,40,Cash
1158,5/4/2025,1197,2050,401,0,560.34,16,Card
1159,5/4/2025,1067,2079,402,0,1901.08,7,EBT
1160,5/4/2025,1167,2049,403,1,0,29,Gift Card
1161,5/4/2025,1063,2094,403,3,493.35,11,Cash
1162,5/4/2025,1160,2016,402,1,1162.87,22,Card
1163,5/4/2025,1007,2004,403,2,2225.4,27,EBT
1164,5/4/2025,1121,2059,403,3,2048.2,20,Gift Card
1165,5/4/2025,1034,2089,402,3,2481.12,36,Cash
1166,5/4/2025,1161,2095,404,2,392.63,29,Card
1167,5/4/2025,1088,2061,402,0,799.68,21,EBT
1168,5/4/2025,1113,2039,403,3,976.44,38,Gift Card
1169,5/4/2025,1066,2019,403,0,933.93,25,Cash
1170,5/4/2025,1000,2066,402,2,412.85,3,Card
1171,5/4/2025,1073,2060,401,3,0,3,EBT
1172,5/4/2025,1193,2061,403,0,199.92,18,Gift Card
1173,5/4/2025,1196,2055,403,1,194.18,40,Cash
1174,5/4/2025,1001,2070,403,1,61.52,23,Card
1175,5/4/2025,1105,2071,404,3,615.16,33,EBT
1176,5/4/2025,1063,2020,404,3,375.83,27,Gift Card
1177,5/4/2025,1056,2033,401,3,836.25,15,Cash
1178,5/4/2025,1160,2030,403,2,271.95,23,Card
1179,5/4/2025,1166,2095,403,3,1472.37,15,EBT
1180,5/4/2025,1048,2008,402,1,0,14,Gift Card
1181,5/4/2025,1074,2014,404,3,738.9,30,Cash
1182,5/4/2025,1069,2089,404,1,372.17,22,Card
1183,5/4/2025,1082,2002,402,0,1732,38,EBT
1184,5/4/2025,1136,2002,402,0,1732,3,Gift Card
1185,5/4/2025,1072,2034,402,3,0,6,Cash
1186,5/4/2025,1186,2001,402,0,824.7,7,Card
1187,5/4/2025,1038,2001,404,1,0,25,EBT
1188,5/4/2025,1087,2053,403,3,2440.6,30,Gift Card
1189,5/4/2025,1095,2059,401,2,1638.56,19,Cash
1190,5/4/2025,1020,2096,402,0,2688.72,16,Card
1191,5/4/2025,1068,2099,404,0,1938.96,24,EBT
1192,5/4/2025,1139,2060,402,1,1102.63,0,Gift Card
1193,5/4/2025,1064,2048,401,0,715.26,16,Cash
1194,5/4/2025,1196,2091,402,3,0,17,Card
1195,5/4/2025,1197,2056,402,0,1049.44,17,EBT
1196,5/4/2025,1050,2058,401,1,1800.22,4,Gift Card
1197,5/4/2025,1121,2049,403,2,751.87,4,Cash
1198,5/4/2025,1040,2080,401,0,1664.52,18,Card
1199,5/4/2025,1064,2061,403,1,179.93,6,EBT
1200,5/4/2025,1092,2006,402,0,198,11,Gift Card
1201,5/4/2025,1060,2081,404,2,1193.95,17,Cash
1202,5/4/2025,1003,2021,403,0,2506.23,34,Card
1203,5/4/2025,1101,2031,401,0,1130.6,8,EBT
1204,5/4/2025,1148,2088,404,1,0,14,Gift Card
1205,5/4/2025,1095,2098,401,1,2451.22,12,Cash
1206,5/4/2025,1040,2063,401,2,883.94,4,Card
1207,5/4/2025,1194,2080,401,0,1664.52,24,EBT
1208,5/4/2025,1091,2082,402,0,0,7,Gift Card
1209,5/4/2025,1032,2062,402,2,1981.95,31,Cash
1210,5/4/2025,1142,2082,403,3,799.8,40,Card
1211,5/4/2025,1187,2024,401,3,372.81,23,EBT
1212,5/4/2025,1091,2092,402,2,385.77,6,Gift Card
1213,5/4/2025,1010,2062,404,2,990.98,16,Cash
1214,5/4/2025,1138,2089,404,1,744.34,0,Card
1215,5/4/2025,1145,2023,403,2,1503.26,24,EBT
1216,5/4/2025,1187,2059,403,1,1843.38,22,Gift Card
1217,5/4/2025,1017,2067,402,3,0,20,Cash
1218,5/4/2025,1075,2033,403,3,836.25,9,Card
1219,5/4/2025,1000,2099,404,1,2326.75,13,EBT
1220,5/4/2025,1004,2079,403,1,0,18,Gift Card
1221,5/4/2025,1082,2092,401,3,0,17,Cash
1222,5/4/2025,1048,2067,404,1,785.56,6,Card
1223,5/4/2025,1156,2036,403,3,0,5,EBT
1224,5/4/2025,1164,2041,401,0,804.21,35,Gift Card
1225,5/4/2025,1133,2084,401,0,0,39,Cash
1226,5/4/2025,1033,2022,401,1,604.06,9,Card
1227,5/4/2025,1027,2062,402,0,1238.72,5,EBT
1228,5/4/2025,1008,2073,404,3,1498.29,4,Gift Card
1229,5/4/2025,1134,2079,403,0,950.54,24,Cash
1230,5/4/2025,1093,2028,401,0,1275.88,12,Card
1231,5/4/2025,1053,2083,404,0,2304.48,25,EBT
1232,5/4/2025,1119,2081,401,2,0,11,Gift Card
1233,5/4/2025,1142,2095,404,2,1177.9,28,Cash
1234,5/4/2025,1181,2007,403,0,583.39,38,Card
1235,5/4/2025,1187,2009,403,0,265.24,22,EBT
1236,5/4/2025,1055,2066,401,0,2580.3,14,Gift Card
1237,5/4/2025,1185,2029,404,1,12.16,9,Cash
1238,5/4/2025,1049,2067,402,1,261.86,3,Card
1239,5/4/2025,1142,2095,404,0,1963.16,2,EBT
1240,5/4/2025,1196,2081,403,3,746.22,12,Gift Card
1241,5/4/2025,1179,2085,404,0,242.15,7,Cash
1242,5/4/2025,1042,2023,404,2,2254.9,20,Card
1243,5/4/2025,1168,2020,404,2,601.33,34,EBT
1244,5/4/2025,1080,2070,403,2,0,8,Gift Card
1245,5/4/2025,1105,2097,404,2,673.68,0,Cash
1246,5/4/2025,1155,2030,402,3,509.91,1,Card
1247,5/4/2025,1196,2070,403,2,27.34,37,EBT
1248,5/4/2025,1115,2057,404,0,1747.92,19,Gift Card
1249,5/4/2025,1185,2004,403,0,2781.75,16,Cash
1250,5/4/2025,1132,2017,403,0,0,14,Card
1251,5/4/2025,1076,2028,402,2,1020.7,0,EBT
1252,5/4/2025,1005,2098,403,1,3268.3,16,Gift Card
1253,5/4/2025,1024,2004,404,2,1483.6,22,Cash
1254,5/4/2025,1039,2017,403,2,370.96,0,Card
1255,5/4/2025,1149,2031,402,2,904.48,15,EBT
1256,5/4/2025,1076,2011,404,1,737.53,21,Gift Card
1257,5/4/2025,1187,2009,403,3,198.93,22,Cash
1258,5/4/2025,1044,2062,401,2,495.49,26,Card
1259,5/4/2025,1009,2093,404,0,0,25,EBT
1260,5/4/2025,1199,2007,403,2,1400.14,19,Gift Card
1261,5/4/2025,1111,2053,401,1,3294.81,1,Cash
1262,5/4/2025,1191,2083,401,3,768.16,40,Card
1263,5/4/2025,1013,2039,401,2,1562.3,24,EBT
1264,5/4/2025,1138,2072,402,2,672.48,4,Gift Card
1265,5/4/2025,1128,2089,402,1,744.34,11,Cash
1266,5/4/2025,1012,2086,404,3,2682.3,19,Card
1267,5/4/2025,1192,2076,401,1,1450.93,32,EBT
1268,5/4/2025,1110,2037,404,1,324.13,4,Gift Card
1269,5/4/2025,1033,2043,401,3,4367.25,16,Cash
1270,5/4/2025,1146,2095,401,3,1963.16,36,Card
1271,5/4/2025,1067,2010,404,3,0,3,EBT
1272,5/4/2025,1198,2089,402,1,744.34,30,Gift Card
1273,5/4/2025,1123,2071,402,3,1845.48,39,Cash
1274,5/4/2025,1101,2083,402,1,2074.03,32,Card
1275,5/4/2025,1062,2009,403,3,66.31,2,EBT
1276,5/4/2025,1082,2087,401,0,318.64,39,Gift Card
1277,5/4/2025,1171,2052,404,2,0,38,Cash
1278,5/4/2025,1089,2024,403,2,298.25,19,Card
1279,5/4/2025,1152,2083,401,2,1843.58,21,EBT
1280,5/4/2025,1043,2044,404,1,373.64,2,Gift Card
1281,5/4/2025,1112,2005,402,1,0,10,Cash
1282,5/4/2025,1175,2047,402,0,1004.94,4,Card
1283,5/4/2025,1028,2094,401,1,888.03,10,EBT
1284,5/4/2025,1158,2018,403,0,2169.04,10,Gift Card
1285,5/4/2025,1087,2088,401,2,567.48,9,Cash
1286,5/4/2025,1115,2060,401,2,980.11,22,Card
1287,5/4/2025,1053,2094,402,1,888.03,16,EBT
1288,5/4/2025,1139,2066,403,3,2580.3,22,Gift Card
1289,5/4/2025,1159,2093,402,0,0,17,Cash
1290,5/4/2025,1096,2074,401,2,1055.2,25,Card
1291,5/4/2025,1043,2007,403,1,525.05,22,EBT
1292,5/4/2025,1178,2079,403,0,950.54,33,Gift Card
1293,5/4/2025,1119,2083,401,0,768.16,29,Cash
1294,5/4/2025,1099,2084,403,2,0,8,Card
1295,5/4/2025,1027,2002,403,3,866,16,EBT
1296,5/4/2025,1059,2048,401,2,572.21,33,Gift Card
1297,5/4/2025,1124,2076,401,1,2176.39,25,Cash
1298,5/4/2025,1050,2064,404,0,1470.2,4,Card
1299,5/4/2025,1010,2031,403,2,1356.72,20,EBT
1300,5/4/2025,1125,2050,402,0,373.56,37,Gift Card
1301,5/4/2025,1088,2087,403,2,509.82,23,Cash
1302,5/4/2025,1160,2038,402,2,2223.62,39,Card
1303,5/4/2025,1015,2080,403,3,2496.78,16,EBT
1304,5/4/2025,1007,2071,403,1,553.64,24,Gift Card
1305,5/4/2025,1038,2043,404,1,786.1,27,Cash
1306,5/4/2025,1022,2093,404,1,2721.38,25,Card
1307,5/4/2025,1106,2030,402,3,1019.82,31,EBT
1308,5/4/2025,1079,2077,403,3,561.83,26,Gift Card
1309,5/4/2025,1138,2016,402,1,872.15,24,Cash
1310,5/4/2025,1148,2069,402,1,418.3,9,Card
1311,5/4/2025,1079,2088,402,3,709.35,33,EBT
1312,5/4/2025,1197,2018,402,2,867.62,39,Gift Card
1313,5/4/2025,1017,2071,401,1,553.64,13,Cash
1314,5/4/2025,1081,2018,401,2,867.62,23,Card
1315,5/4/2025,1105,2052,403,3,731.26,23,EBT
1316,5/4/2025,1190,2081,403,1,0,2,Gift Card
1317,5/4/2025,1199,2024,401,1,223.69,6,Cash
1318,5/4/2025,1047,2003,403,1,346.66,4,Card
1319,5/4/2025,1152,2029,402,0,27.02,15,EBT
1320,5/4/2025,1091,2010,404,1,210.17,0,Gift Card
1321,5/4/2025,1128,2077,404,2,0,33,Cash
1322,5/4/2025,1047,2049,404,3,0,17,Card
1323,5/4/2025,1035,2020,402,1,676.49,2,EBT
1324,5/4/2025,1008,2052,401,2,585.01,2,Gift Card
1325,5/4/2025,1105,2028,402,1,1148.29,24,Cash
1326,5/4/2025,1016,2022,404,3,2684.72,29,Card
1327,5/4/2025,1176,2041,404,1,1447.58,1,EBT
1328,5/4/2025,1109,2051,401,3,469.28,17,Gift Card
1329,5/4/2025,1184,2040,404,0,103.62,32,Cash
1330,5/4/2025,1133,2013,404,3,3741.44,38,Card
1331,5/4/2025,1010,2031,404,0,1130.6,3,EBT
1332,5/4/2025,1142,2049,401,1,0,3,Gift Card
1333,5/4/2025,1074,2056,404,2,839.55,23,Cash
1334,5/4/2025,1198,2036,404,1,392.36,18,Card
1335,5/4/2025,1108,2037,401,1,648.25,11,EBT
1336,5/4/2025,1118,2082,404,0,799.8,6,Gift Card
1337,5/4/2025,1184,2064,401,1,264.64,9,Cash
1338,5/4/2025,1199,2074,402,3,1978.5,22,Card
1339,5/4/2025,1105,2041,404,0,0,34,EBT
1340,5/4/2025,1045,2058,402,3,0,33,Gift Card
1341,5/4/2025,1023,2032,403,1,1702.08,36,Cash
1342,5/4/2025,1183,2093,401,0,2267.82,9,Card
1343,5/4/2025,1029,2090,404,2,57.31,15,EBT
1344,5/4/2025,1021,2067,404,1,261.86,9,Gift Card
1345,5/4/2025,1096,2070,404,0,136.72,7,Cash
1346,5/4/2025,1196,2021,403,1,751.87,19,Card
1347,5/4/2025,1041,2018,402,0,1084.52,36,EBT
1348,5/4/2025,1107,2039,403,3,0,9,Gift Card
1349,5/4/2025,1073,2080,402,0,3329.04,6,Cash
1350,5/4/2025,1033,2025,401,2,671.09,22,Card
1351,5/4/2025,1003,2058,404,3,2000.25,13,EBT
1352,5/4/2025,1139,2000,404,1,1744.76,23,Gift Card
1353,5/4/2025,1055,2075,404,3,3122.56,25,Cash
1354,5/4/2025,1104,2056,401,0,1574.16,0,Card
1355,5/4/2025,1062,2070,403,1,30.76,33,EBT
1356,5/4/2025,1012,2023,402,0,2818.62,15,Gift Card
1357,5/4/2025,1167,2044,401,1,560.47,19,Cash
1358,5/4/2025,1008,2085,403,2,0,28,Card
1359,5/4/2025,1022,2006,401,3,990,29,EBT
1360,5/4/2025,1045,2020,403,1,1352.99,12,Gift Card
1361,5/4/2025,1116,2095,403,0,981.58,25,Cash
1362,5/4/2025,1023,2098,403,2,1452.58,33,Card
1363,5/4/2025,1094,2048,401,3,1072.89,3,EBT
1364,5/4/2025,1140,2008,403,3,0,22,Gift Card
1365,5/4/2025,1034,2015,403,2,1079.95,37,Cash
1366,5/4/2025,1134,2052,402,1,1316.27,37,Card
1367,5/4/2025,1156,2007,401,0,1750.17,23,EBT
1368,5/4/2025,1123,2092,403,3,0,32,Gift Card
1369,5/4/2025,1155,2040,403,2,27.63,12,Cash
1370,5/4/2025,1033,2078,404,3,568.04,38,Card
1371,5/4/2025,1126,2023,402,2,2254.9,9,EBT
1372,5/4/2025,1049,2000,401,0,3877.24,19,Gift Card
1373,5/4/2025,1119,2080,401,1,0,18,Cash
1374,5/4/2025,1157,2053,404,0,1830.45,28,Card
1375,5/4/2025,1085,2044,402,0,207.58,19,EBT
1376,5/4/2025,1163,2025,403,2,447.39,21,Gift Card
1377,5/4/2025,1017,2039,403,2,3905.76,21,Cash
1378,5/4/2025,1196,2000,401,2,0,34,Card
1379,5/4/2025,1087,2050,401,1,168.1,15,EBT
1380,5/4/2025,1049,2042,403,3,670.44,31,Gift Card
1381,5/4/2025,1121,2004,402,3,3709,40,Cash
1382,5/4/2025,1039,2080,404,2,665.81,7,Card
1383,5/4/2025,1118,2052,401,2,0,35,EBT
1384,5/4/2025,1144,2092,403,0,1446.63,12,Gift Card
1385,5/4/2025,1053,2073,403,2,1198.63,8,Cash
1386,5/4/2025,1016,2019,403,0,0,7,Card
1387,5/4/2025,1086,2048,402,3,1072.89,19,EBT
1388,5/4/2025,1047,2076,401,2,0,15,Gift Card
1389,5/4/2025,1180,2040,401,2,110.53,35,Cash
1390,5/4/2025,1105,2011,404,1,0,20,Card
1391,5/4/2025,1095,2057,403,1,786.56,39,EBT
1392,5/4/2025,1134,2038,402,0,926.51,21,Gift Card
1393,5/4/2025,1095,2004,402,0,0,36,Cash
1394,5/4/2025,1113,2064,401,3,294.04,24,Card
1395,5/4/2025,1128,2019,402,2,1494.29,1,EBT
1396,5/4/2025,1123,2093,403,2,3023.76,17,Gift Card
1397,5/4/2025,1036,2098,401,1,817.07,21,Cash
1398,5/4/2025,1052,2092,401,3,1928.84,19,Card
1399,5/4/2025,1099,2091,401,0,905.79,31,EBT
1400,5/4/2025,1079,2005,401,2,1715.12,4,Gift Card
1401,5/4/2025,1119,2005,401,2,686.05,23,Cash
1402,5/4/2025,1005,2073,403,1,0,36,Card
1403,5/4/2025,1082,2025,402,2,223.7,2,EBT
1404,5/4/2025,1070,2068,403,3,2460.72,1,Gift Card
1405,5/4/2025,1171,2015,403,1,0,6,Cash
1406,5/4/2025,1040,2035,401,0,899.99,19,Card
1407,5/4/2025,1159,2071,401,1,1660.93,40,EBT
1408,5/4/2025,1138,2044,403,2,0,39,Gift Card
1409,5/4/2025,1036,2090,403,1,0,1,Cash
1410,5/4/2025,1043,2009,403,2,106.1,2,Card
1411,5/4/2025,1138,2056,401,1,944.5,21,EBT
1412,5/4/2025,1007,2060,401,0,816.76,8,Gift Card
1413,5/4/2025,1098,2006,401,3,990,1,Cash
1414,5/4/2025,1100,2022,404,2,1610.83,20,Card
1415,5/4/2025,1079,2042,402,0,167.61,37,EBT
1416,5/4/2025,1193,2097,404,1,2273.67,34,Gift Card
1417,5/4/2025,1023,2089,404,0,413.52,39,Cash
1418,5/4/2025,1116,2039,404,3,3905.76,17,Card
1419,5/4/2025,1059,2028,402,2,1531.06,10,EBT
1420,5/4/2025,1093,2050,402,2,298.85,20,Gift Card
1421,5/4/2025,1083,2058,404,0,2000.25,38,Cash
1422,5/4/2025,1016,2060,401,2,653.41,26,Card
1423,5/4/2025,1122,2059,402,2,1228.92,18,EBT
1424,5/4/2025,1196,2044,402,0,207.58,20,Gift Card
1425,5/4/2025,1103,2091,401,2,2173.9,8,Cash
1426,5/4/2025,1142,2083,401,2,1229.06,9,Card
1427,5/4/2025,1136,2059,404,3,2560.25,17,EBT
1428,5/4/2025,1061,2079,402,1,2566.46,18,Gift Card
1429,5/4/2025,1123,2049,401,2,751.87,39,Cash
1430,5/4/2025,1053,2088,404,3,709.35,16,Card
1431,5/4/2025,1145,2043,402,1,1572.21,18,EBT
1432,5/4/2025,1169,2085,401,3,1210.75,29,Gift Card
1433,5/4/2025,1029,2075,404,2,1249.02,23,Cash
1434,5/4/2025,1142,2012,404,1,1682.61,19,Card
1435,5/4/2025,1078,2051,401,0,117.32,0,EBT
1436,5/4/2025,1175,2076,404,2,1289.71,5,Gift Card
1437,5/4/2025,1126,2082,401,0,1066.4,3,Cash
1438,5/4/2025,1055,2017,401,1,1669.32,16,Card
1439,5/4/2025,1169,2019,404,2,747.14,15,EBT
1440,5/4/2025,1099,2078,404,1,383.43,14,Gift Card
1441,5/4/2025,1052,2087,403,2,0,14,Cash
1442,5/4/2025,1145,2086,403,3,2682.3,6,Card
1443,5/4/2025,1183,2044,401,0,1037.9,6,EBT
1444,5/4/2025,1156,2065,404,1,423.31,29,Gift Card
1445,5/4/2025,1075,2007,403,0,1166.78,29,Cash
1446,5/4/2025,1000,2090,403,0,143.28,9,Card
1447,5/4/2025,1072,2003,402,3,0,13,EBT
1448,5/4/2025,1179,2075,404,2,1873.54,15,Gift Card
1449,5/4/2025,1182,2048,404,3,357.63,32,Cash
1450,5/4/2025,1111,2069,402,1,836.6,3,Card
1451,5/4/2025,1121,2017,402,3,2782.2,39,EBT
1452,5/4/2025,1092,2053,402,2,1464.36,32,Gift Card
1453,5/4/2025,1171,2016,402,0,646.04,29,Cash
1454,5/4/2025,1018,2082,401,1,0,33,Card
1455,5/4/2025,1184,2062,404,1,1672.27,30,EBT
1456,5/4/2025,1021,2017,404,3,463.7,12,Gift Card
1457,5/4/2025,1178,2077,404,1,505.65,9,Cash
1458,5/4/2025,1116,2065,404,3,470.34,12,Card
1459,5/4/2025,1098,2045,402,1,280.93,28,EBT
1460,5/4/2025,1108,2077,401,3,1685.49,2,Gift Card
1461,5/4/2025,1187,2030,403,3,509.91,10,Cash
1462,5/4/2025,1139,2073,403,0,499.43,3,Card
1463,5/4/2025,1009,2072,404,2,0,33,EBT
1464,5/4/2025,1028,2074,404,0,3297.5,28,Gift Card
1465,5/4/2025,1036,2093,403,3,0,28,Cash
1466,5/4/2025,1132,2010,401,1,0,26,Card
1467,5/4/2025,1120,2080,401,2,665.81,36,EBT
1468,5/4/2025,1156,2006,403,0,198,29,Gift Card
1469,5/4/2025,1120,2058,404,2,1600.2,10,Cash
1470,5/4/2025,1107,2045,403,2,249.71,7,Card
1471,5/4/2025,1042,2004,403,2,0,14,EBT
1472,5/4/2025,1015,2080,404,1,749.03,36,Gift Card
1473,5/4/2025,1146,2006,403,0,792,36,Cash
1474,5/4/2025,1073,2062,401,1,1114.85,39,Card
1475,5/4/2025,1129,2009,403,2,0,4,EBT
1476,5/4/2025,1033,2078,403,2,340.82,5,Gift Card
1477,5/4/2025,1065,2001,401,1,371.12,19,Cash
1478,5/4/2025,1151,2094,402,3,493.35,11,Card
1479,5/4/2025,1094,2022,403,1,0,4,EBT
1480,5/4/2025,1124,2023,401,2,2254.9,30,Gift Card
1481,5/4/2025,1021,2018,402,3,542.26,25,Cash
1482,5/4/2025,1192,2052,404,1,0,0,Card
1483,5/4/2025,1169,2056,402,1,944.5,39,EBT
1484,5/4/2025,1147,2093,403,0,2267.82,7,Gift Card
1485,5/4/2025,1164,2033,401,0,836.25,24,Cash
1486,5/4/2025,1042,2059,404,3,3072.3,16,Card
1487,5/4/2025,1077,2060,402,3,1633.52,9,EBT
1488,5/4/2025,1174,2090,404,3,286.56,39,Gift Card
1489,5/4/2025,1067,2018,404,0,2169.04,26,Cash
1490,5/4/2025,1073,2057,404,2,349.58,37,Card
1491,5/4/2025,1135,2087,401,0,318.64,11,EBT
1492,5/4/2025,1136,2081,403,3,2238.66,35,Gift Card
1493,5/4/2025,1156,2083,403,2,1229.06,14,Cash
1494,5/4/2025,1069,2034,401,2,217.87,12,Card
1495,5/4/2025,1167,2074,404,3,2638,27,EBT
1496,5/4/2025,1197,2086,402,1,2414.07,35,Gift Card
1497,5/4/2025,1133,2043,402,2,1397.52,14,Cash
1498,5/4/2025,1140,2001,401,0,1237.05,26,Card
1499,5/4/2025,1003,2052,401,0,731.26,32,EBT
1500,5/4/2025,1175,2057,403,1,1179.85,31,Gift Card
1501,5/4/2025,1185,2036,403,1,980.91,14,Cash
1502,5/4/2025,1008,2003,401,0,0,9,Card
1503,5/4/2025,1152,2084,402,0,281.85,9,EBT
1504,5/4/2025,1181,2015,401,1,1214.95,40,Gift Card
1505,5/4/2025,1096,2084,402,0,0,30,Cash
1506,5/4/2025,1178,2023,403,2,1503.26,8,Card
1507,5/4/2025,1119,2084,401,3,0,31,EBT
1508,5/4/2025,1070,2098,404,2,1452.58,37,Gift Card
1509,5/4/2025,1065,2020,401,2,300.66,29,Cash
1510,5/4/2025,1198,2007,404,3,2333.56,40,Card
1511,5/4/2025,1085,2007,403,2,933.42,10,EBT
1512,5/4/2025,1045,2056,401,3,3148.32,33,Gift Card
1513,5/4/2025,1051,2078,404,1,383.43,29,Cash
1514,5/4/2025,1165,2062,401,1,557.42,12,Card
1515,5/4/2025,1138,2098,404,1,817.07,27,EBT
1516,5/4/2025,1157,2082,401,3,1066.4,12,Gift Card
1517,5/4/2025,1183,2033,401,0,0,22,Cash
1518,5/4/2025,1018,2009,403,3,0,21,Card
1519,5/4/2025,1004,2063,402,0,552.46,18,EBT
1520,5/4/2025,1009,2085,404,2,193.72,8,Gift Card
1521,5/4/2025,1038,2089,403,3,1240.56,12,Cash
1522,5/4/2025,1147,2000,404,3,4846.55,38,Card
1523,5/4/2025,1111,2051,401,1,211.18,16,EBT
1524,5/4/2025,1000,2049,404,0,5639.04,40,Gift Card
1525,5/4/2025,1145,2068,403,2,656.19,7,Cash
1526,5/4/2025,1174,2038,404,0,1853.02,30,Card
1527,5/4/2025,1161,2082,401,2,213.28,18,EBT
1528,5/4/2025,1136,2043,401,3,3493.8,31,Gift Card
1529,5/4/2025,1194,2098,403,1,2451.22,16,Cash
1530,5/4/2025,1045,2070,401,3,102.54,23,Card
1531,5/4/2025,1169,2024,403,3,621.35,5,EBT
1532,5/4/2025,1027,2080,403,3,2496.78,9,Gift Card
1533,5/4/2025,1021,2080,404,1,2247.1,36,Cash
1534,5/4/2025,1035,2004,402,0,1854.5,26,Card
1535,5/4/2025,1184,2075,402,3,2341.92,38,EBT
1536,5/4/2025,1099,2008,403,3,66.59,26,Gift Card
1537,5/4/2025,1136,2057,401,0,1310.94,5,Cash
1538,5/4/2025,1086,2007,403,0,1750.17,29,Card
1539,5/4/2025,1103,2015,402,3,2024.91,10,EBT
1540,5/4/2025,1173,2068,402,1,0,13,Gift Card
1541,5/4/2025,1018,2004,402,3,927.25,35,Cash
1542,5/4/2025,1167,2002,404,0,866,37,Card
1543,5/4/2025,1062,2089,402,0,2067.6,37,EBT
1544,5/4/2025,1044,2080,401,2,665.81,31,Gift Card
1545,5/4/2025,1024,2058,402,0,2000.25,9,Cash
1546,5/4/2025,1027,2014,404,1,443.34,30,Card
1547,5/4/2025,1016,2025,404,2,671.09,29,EBT
1548,5/4/2025,1188,2086,404,2,2861.12,5,Gift Card
1549,5/4/2025,1030,2087,402,2,382.37,35,Cash
1550,5/4/2025,1054,2097,401,1,2273.67,1,Card
1551,5/4/2025,1085,2008,401,2,106.54,7,EBT
1552,5/4/2025,1036,2096,404,1,1814.89,14,Gift Card
1553,5/4/2025,1178,2047,402,3,1004.94,26,Cash
1554,5/4/2025,1062,2074,401,1,1187.1,14,Card
1555,5/4/2025,1025,2080,404,1,3745.17,7,EBT
1556,5/4/2025,1004,2062,401,0,2477.44,5,Gift Card
1557,5/4/2025,1001,2022,401,2,536.94,38,Cash
1558,5/4/2025,1106,2088,404,1,1276.83,37,Card
1559,5/4/2025,1052,2018,403,3,2169.04,11,EBT
1560,5/4/2025,1105,2030,402,0,339.94,29,Gift Card
1561,5/4/2025,1152,2023,404,0,1879.08,14,Cash
1562,5/4/2025,1160,2038,403,3,0,25,Card
1563,5/4/2025,1001,2071,402,1,1660.93,2,EBT
1564,5/4/2025,1030,2067,401,2,465.52,23,Gift Card
1565,5/4/2025,1194,2069,402,3,929.56,39,Cash
1566,5/4/2025,1197,2080,402,2,1331.62,12,Card
1567,5/4/2025,1013,2024,401,1,335.53,27,EBT
1568,5/4/2025,1175,2060,404,1,735.08,2,Gift Card
1569,5/4/2025,1040,2085,401,0,484.3,12,Cash
1570,5/4/2025,1165,2046,403,1,60.17,22,Card
1571,5/4/2025,1111,2032,403,3,3782.4,9,EBT
1572,5/4/2025,1011,2013,401,1,1683.65,34,Gift Card
1573,5/4/2025,1040,2003,404,0,385.18,17,Cash
1574,5/4/2025,1018,2030,404,2,135.98,38,Card
1575,5/4/2025,1107,2025,403,1,754.97,37,EBT
1576,5/4/2025,1199,2014,403,1,0,6,Gift Card
1577,5/4/2025,1025,2030,404,1,0,20,Cash
1578,5/4/2025,1096,2028,401,3,2551.76,16,Card
1579,5/4/2025,1149,2062,401,3,1858.08,34,EBT
1580,5/4/2025,1037,2027,404,1,465.5,4,Gift Card
1581,5/4/2025,1099,2047,402,3,0,2,Cash
1582,5/4/2025,1184,2024,403,2,198.83,1,Card
1583,5/4/2025,1051,2042,402,0,167.61,11,EBT
1584,5/4/2025,1177,2072,401,2,672.48,16,Gift Card
1585,5/4/2025,1034,2014,404,3,985.2,31,Cash
1586,5/4/2025,1107,2021,403,1,751.87,27,Card
1587,5/4/2025,1075,2077,402,1,2528.24,26,EBT
1588,5/4/2025,1147,2070,402,0,34.18,11,Gift Card
1589,5/4/2025,1105,2066,404,1,928.91,30,Cash
1590,5/4/2025,1151,2060,404,2,653.41,18,Card
1591,5/4/2025,1003,2093,404,1,680.35,37,EBT
1592,5/4/2025,1063,2041,404,1,2171.37,13,Gift Card
1593,5/4/2025,1151,2019,401,3,933.93,26,Cash
1594,5/4/2025,1011,2005,404,0,428.78,16,Card
1595,5/4/2025,1108,2067,404,3,290.95,34,EBT
1596,5/4/2025,1178,2012,404,3,623.19,16,Gift Card
1597,5/4/2025,1061,2010,401,3,389.2,40,Cash
1598,5/4/2025,1055,2016,403,2,0,32,Card
1599,5/4/2025,1061,2082,401,0,266.6,16,EBT
1600,5/4/2025,1122,2085,403,1,217.94,26,Gift Card
1601,5/4/2025,1180,2058,401,3,666.75,38,Cash
1602,5/4/2025,1118,2098,402,3,907.86,37,Card
1603,5/4/2025,1047,2047,404,0,334.98,28,EBT
1604,5/4/2025,1160,2009,404,2,0,2,Gift Card
1605,5/4/2025,1135,2004,403,3,3709,9,Cash
1606,5/4/2025,1192,2034,402,0,0,37,Card
1607,5/4/2025,1158,2042,401,2,402.26,14,EBT
1608,5/4/2025,1013,2014,404,2,197.04,8,Gift Card
1609,5/4/2025,1119,2079,401,2,4562.59,10,Cash
1610,5/4/2025,1093,2022,401,1,604.06,25,Card
1611,5/4/2025,1035,2042,402,0,335.22,31,EBT
1612,5/4/2025,1166,2061,402,1,179.93,18,Gift Card
1613,5/4/2025,1082,2045,403,3,312.14,26,Cash
1614,5/4/2025,1070,2006,401,2,633.6,36,Card
1615,5/4/2025,1088,2057,404,0,436.98,20,EBT
1616,5/4/2025,1120,2090,403,3,214.92,27,Gift Card
1617,5/4/2025,1158,2047,401,1,904.45,33,Cash
1618,5/4/2025,1117,2011,401,3,0,27,Card
1619,5/4/2025,1045,2036,401,0,217.98,31,EBT
1620,5/4/2025,1042,2035,401,1,809.99,6,Gift Card
1621,5/4/2025,1127,2019,402,0,933.93,37,Cash
1622,5/4/2025,1075,2053,402,3,2440.6,19,Card
1623,5/4/2025,1088,2053,404,0,610.15,33,EBT
1624,5/4/2025,1074,2024,401,0,248.54,28,Gift Card
1625,5/4/2025,1059,2066,403,3,2064.24,7,Cash
1626,5/4/2025,1148,2043,403,3,873.45,19,Card
1627,5/4/2025,1151,2085,404,3,726.45,40,EBT
1628,5/4/2025,1077,2072,402,2,1008.72,0,Gift Card
1629,5/4/2025,1043,2033,402,3,836.25,14,Cash
1630,5/4/2025,1095,2036,401,1,392.36,39,Card
1631,5/4/2025,1090,2036,404,1,588.55,3,EBT
1632,5/4/2025,1158,2020,403,1,676.49,21,Gift Card
1633,5/4/2025,1044,2090,402,1,0,5,Cash
1634,5/4/2025,1060,2014,401,2,591.12,26,Card
1635,5/4/2025,1147,2016,404,2,516.83,31,EBT
1636,5/4/2025,1094,2023,402,0,1879.08,25,Gift Card
1637,5/4/2025,1170,2040,403,1,0,33,Cash
1638,5/4/2025,1095,2057,402,2,349.58,30,Card
1639,5/4/2025,1031,2003,404,3,0,4,EBT
1640,5/4/2025,1196,2018,404,2,433.81,38,Gift Card
1641,5/4/2025,1039,2000,403,2,775.45,22,Cash
1642,5/4/2025,1121,2037,402,3,1080.42,9,Card
1643,5/4/2025,1086,2088,401,3,2837.4,23,EBT
1644,5/4/2025,1010,2017,401,2,1112.88,24,Gift Card
1645,5/4/2025,1006,2051,402,3,351.96,0,Cash
1646,5/4/2025,1091,2011,403,0,819.48,18,Card
1647,5/4/2025,1155,2082,402,1,959.76,18,EBT
1648,5/4/2025,1005,2098,403,1,817.07,20,Gift Card
1649,5/4/2025,1005,2010,404,0,233.52,17,Cash
1650,5/4/2025,1131,2050,402,3,747.12,24,Card
1651,5/4/2025,1081,2077,401,2,1797.86,6,EBT
1652,5/4/2025,1101,2018,404,2,867.62,7,Gift Card
1653,5/4/2025,1098,2047,401,2,1071.94,29,Cash
1654,5/4/2025,1088,2044,403,3,830.32,28,Card
1655,5/4/2025,1143,2011,402,3,1229.22,18,EBT
1656,5/4/2025,1189,2053,404,2,1464.36,3,Gift Card
1657,5/4/2025,1041,2093,404,3,2267.82,27,Cash
1658,5/4/2025,1035,2075,401,1,1405.15,35,Card
1659,5/4/2025,1053,2038,404,2,2964.83,28,EBT
1660,5/4/2025,1016,2075,404,0,3122.56,8,Gift Card
1661,5/4/2025,1001,2052,403,3,731.26,2,Cash
1662,5/4/2025,1044,2071,404,1,553.64,25,Card
1663,5/4/2025,1051,2023,404,2,0,25,EBT
1664,5/4/2025,1141,2062,401,2,1486.46,36,Gift Card
1665,5/4/2025,1149,2038,404,3,926.51,30,Cash
1666,5/4/2025,1057,2003,401,1,2079.97,0,Card
1667,5/4/2025,1067,2038,404,0,926.51,20,EBT
1668,5/4/2025,1167,2085,403,3,242.15,40,Gift Card
1669,5/4/2025,1045,2062,402,0,1858.08,9,Cash
1670,5/4/2025,1030,2097,403,3,3368.4,7,Card
1671,5/4/2025,1017,2076,403,3,0,5,EBT
1672,5/4/2025,1144,2055,403,3,161.82,15,Gift Card
1673,5/4/2025,1177,2015,403,0,674.97,13,Cash
1674,5/4/2025,1066,2020,401,1,1014.74,4,Card
1675,5/4/2025,1081,2059,402,2,409.64,1,EBT
1676,5/4/2025,1041,2006,403,2,475.2,37,Gift Card
1677,5/4/2025,1107,2081,403,0,3731.1,19,Cash
1678,5/4/2025,1074,2037,401,1,0,5,Card
1679,5/4/2025,1196,2080,402,0,832.26,30,EBT
1680,5/4/2025,1153,2096,402,2,1075.49,30,Gift Card
1681,5/4/2025,1080,2087,403,2,127.46,4,Cash
1682,5/4/2025,1175,2089,403,0,2067.6,26,Card
1683,5/4/2025,1136,2074,403,1,593.55,32,EBT
1684,5/4/2025,1003,2017,403,2,1112.88,7,Gift Card
1685,5/4/2025,1199,2062,404,2,990.98,32,Cash
1686,5/4/2025,1041,2013,402,1,1683.65,21,Card
1687,5/4/2025,1128,2028,402,0,0,22,EBT
1688,5/4/2025,1106,2058,401,0,1333.5,29,Gift Card
1689,5/4/2025,1033,2002,404,2,1385.6,34,Cash
1690,5/4/2025,1079,2088,403,1,2553.66,6,Card
1691,5/4/2025,1113,2076,403,1,0,31,EBT
1692,5/4/2025,1181,2038,401,0,2779.53,0,Gift Card
1693,5/4/2025,1056,2016,402,1,872.15,28,Cash
1694,5/4/2025,1078,2016,402,1,872.15,3,Card
1695,5/4/2025,1020,2054,401,0,1801.02,25,EBT
1696,5/4/2025,1004,2099,404,3,0,16,Gift Card
1697,5/4/2025,1010,2025,401,0,559.24,3,Cash
1698,5/4/2025,1168,2065,401,3,1411.02,39,Card
1699,5/4/2025,1030,2032,401,0,945.6,18,EBT
1700,5/4/2025,1077,2085,401,0,0,37,Gift Card
1701,5/4/2025,1005,2015,402,1,0,18,Cash
1702,5/4/2025,1047,2085,403,0,242.15,38,Card
1703,5/4/2025,1023,2018,403,2,0,22,EBT
1704,5/4/2025,1090,2020,402,0,751.66,4,Gift Card
1705,5/4/2025,1025,2074,401,1,593.55,28,Cash
1706,5/4/2025,1183,2024,403,1,335.53,4,Card
1707,5/4/2025,1193,2068,401,0,820.24,27,EBT
1708,5/4/2025,1054,2064,404,2,235.23,6,Gift Card
1709,5/4/2025,1178,2075,402,3,5464.48,36,Cash
1710,5/4/2025,1172,2013,402,2,2244.86,40,Card
1711,5/4/2025,1097,2054,402,1,810.46,18,EBT
1712,5/4/2025,1104,2014,403,0,246.3,27,Gift Card
1713,5/4/2025,1119,2014,402,3,1231.5,22,Cash
1714,5/4/2025,1195,2046,403,0,100.29,16,Card
1715,5/4/2025,1021,2041,404,0,0,4,EBT
1716,5/4/2025,1098,2036,404,2,0,6,Gift Card
1717,5/4/2025,1175,2056,402,3,2098.88,29,Cash
1718,5/4/2025,1074,2054,402,0,2701.53,8,Card
1719,5/4/2025,1121,2086,403,1,3218.76,3,EBT
1720,5/4/2025,1003,2086,404,0,1788.2,36,Gift Card
1721,5/4/2025,1101,2056,401,0,524.72,30,Cash
1722,5/4/2025,1036,2050,404,0,747.12,1,Card
1723,5/4/2025,1189,2021,401,2,1336.66,17,EBT
1724,5/4/2025,1050,2043,402,3,873.45,12,Gift Card
1725,5/4/2025,1031,2029,404,3,40.53,31,Cash
1726,5/4/2025,1071,2097,403,3,2526.3,30,Card
1727,5/4/2025,1091,2060,404,3,1225.14,22,EBT
1728,5/4/2025,1130,2035,402,3,899.99,11,Gift Card
1729,5/4/2025,1027,2015,403,3,0,36,Cash
1730,5/4/2025,1127,2029,402,0,40.53,15,Card
1731,5/4/2025,1025,2094,401,0,1973.4,5,EBT
1732,5/4/2025,1127,2086,401,1,4828.14,39,Gift Card
1733,5/4/2025,1097,2077,403,1,2022.59,20,Cash
1734,5/4/2025,1077,2079,401,0,1901.08,27,Card
1735,5/4/2025,1169,2096,404,3,672.18,0,EBT
1736,5/4/2025,1051,2037,404,3,1800.7,28,Gift Card
1737,5/4/2025,1129,2033,403,0,1672.5,14,Cash
1738,5/4/2025,1195,2004,404,0,2781.75,6,Card
1739,5/4/2025,1098,2057,403,3,1310.94,24,EBT
1740,5/4/2025,1113,2058,401,0,2000.25,0,Gift Card
1741,5/4/2025,1045,2071,403,1,0,9,Cash
1742,5/4/2025,1125,2055,402,2,86.3,20,Card
1743,5/4/2025,1183,2049,404,0,1879.68,25,EBT
1744,5/4/2025,1145,2086,404,3,2682.3,21,Gift Card
1745,5/4/2025,1121,2071,402,0,1845.48,9,Cash
1746,5/4/2025,1100,2033,404,3,2508.75,23,Card
1747,5/4/2025,1157,2086,403,2,1430.56,7,EBT
1748,5/4/2025,1082,2007,401,0,1750.17,19,Gift Card
1749,5/4/2025,1032,2046,403,0,167.15,28,Cash
1750,5/4/2025,1195,2080,403,3,3329.04,4,Card
1751,5/4/2025,1024,2054,403,2,0,24,EBT
1752,5/4/2025,1105,2044,401,1,373.64,23,Gift Card
1753,5/4/2025,1063,2030,403,0,509.91,40,Cash
1754,5/4/2025,1176,2008,403,0,133.18,37,Card
1755,5/4/2025,1086,2021,401,2,2004.98,34,EBT
1756,5/4/2025,1009,2058,404,3,2000.25,0,Gift Card
1757,5/4/2025,1068,2002,404,0,0,3,Cash
1758,5/4/2025,1081,2048,404,2,572.21,26,Card
1759,5/4/2025,1146,2012,404,0,623.19,23,EBT
1760,5/4/2025,1176,2086,402,2,1430.56,18,Gift Card
1761,5/4/2025,1127,2064,403,1,529.27,39,Cash
1762,5/4/2025,1157,2038,403,3,4632.55,24,Card
1763,5/4/2025,1051,2063,401,1,0,36,EBT
1764,5/4/2025,1073,2033,401,2,1338,3,Gift Card
1765,5/4/2025,1146,2051,402,0,0,26,Cash
1766,5/4/2025,1183,2074,401,2,0,0,Card
1767,5/4/2025,1069,2008,404,3,66.59,16,EBT
1768,5/4/2025,1053,2044,401,2,332.13,10,Gift Card
1769,5/4/2025,1129,2038,404,2,0,29,Cash
1770,5/4/2025,1051,2053,404,2,488.12,4,Card
1771,5/4/2025,1159,2065,404,1,1693.22,32,EBT
1772,5/4/2025,1004,2080,402,3,3329.04,28,Gift Card
1773,5/4/2025,1054,2084,404,2,901.92,32,Cash
1774,5/4/2025,1163,2068,404,0,1640.48,35,Card
1775,5/4/2025,1133,2025,403,3,838.86,20,EBT
1776,5/4/2025,1037,2030,402,2,271.95,4,Gift Card
1777,5/4/2025,1111,2052,403,0,731.26,28,Cash
1778,5/4/2025,1162,2026,404,2,169.25,11,Card
1779,5/4/2025,1073,2082,402,2,213.28,19,EBT
1780,5/4/2025,1175,2076,402,3,806.07,6,Gift Card
1781,5/4/2025,1061,2014,402,1,665.01,29,Cash
1782,5/4/2025,1007,2031,403,3,1695.9,25,Card
1783,5/4/2025,1124,2071,404,3,1845.48,19,EBT
1784,5/4/2025,1165,2004,402,1,1669.05,5,Gift Card
1785,5/4/2025,1069,2017,401,2,0,29,Cash
1786,5/4/2025,1071,2084,402,0,281.85,31,Card
1787,5/4/2025,1184,2062,401,0,2477.44,26,EBT
1788,5/4/2025,1021,2040,403,0,69.08,6,Gift Card
1789,5/4/2025,1104,2046,401,3,167.15,32,Cash
1790,5/4/2025,1185,2017,402,0,1854.8,30,Card
1791,5/4/2025,1146,2094,401,2,789.36,15,EBT
1792,5/4/2025,1127,2011,402,0,409.74,16,Gift Card
1793,5/4/2025,1197,2040,403,3,138.16,28,Cash
1794,5/4/2025,1191,2095,402,3,1963.16,26,Card
1795,5/4/2025,1055,2018,401,1,488.03,36,EBT
1796,5/4/2025,1054,2035,404,3,899.99,3,Gift Card
1797,5/4/2025,1065,2075,401,3,3903.2,17,Cash
1798,5/4/2025,1136,2047,401,2,267.98,23,Card
1799,5/4/2025,1139,2054,404,1,3241.84,5,EBT
1800,5/4/2025,1071,2018,403,3,0,16,Gift Card
1801,5/4/2025,1183,2047,403,0,1004.94,30,Cash
1802,5/4/2025,1165,2077,401,0,1685.49,23,Card
1803,5/4/2025,1176,2085,402,2,581.16,26,EBT
1804,5/4/2025,1141,2049,403,2,1503.74,12,Gift Card
1805,5/4/2025,1175,2015,402,3,674.97,18,Cash
1806,5/4/2025,1099,2001,404,2,0,31,Card
1807,5/4/2025,1077,2011,402,2,655.58,33,EBT
1808,5/4/2025,1053,2020,404,2,601.33,25,Gift Card
1809,5/4/2025,1196,2082,404,0,533.2,3,Cash
1810,5/4/2025,1070,2010,404,3,311.36,25,Card
1811,5/4/2025,1188,2052,403,3,2925.04,18,EBT
1812,5/4/2025,1025,2020,403,0,375.83,19,Gift Card
1813,5/4/2025,1090,2053,403,3,1830.45,40,Cash
1814,5/4/2025,1177,2003,401,1,346.66,23,Card
1815,5/4/2025,1161,2056,402,0,1049.44,40,EBT
1816,5/4/2025,1102,2025,403,2,0,17,Gift Card
1817,5/4/2025,1147,2010,401,1,70.06,5,Cash
1818,5/4/2025,1063,2066,402,3,516.06,7,Card
1819,5/4/2025,1081,2057,404,1,786.56,14,EBT
1820,5/4/2025,1066,2022,403,2,536.94,25,Gift Card
1821,5/4/2025,1050,2010,404,2,62.27,25,Cash
1822,5/4/2025,1046,2050,404,1,336.2,33,Card
1823,5/4/2025,1005,2002,402,0,3464,3,EBT
1824,5/4/2025,1118,2025,403,1,0,34,Gift Card
1825,5/4/2025,1012,2051,404,2,93.86,39,Cash
1826,5/4/2025,1038,2011,403,1,1475.06,13,Card
1827,5/4/2025,1145,2015,401,3,2024.91,10,EBT
1828,5/4/2025,1197,2058,404,0,666.75,35,Gift Card
1829,5/4/2025,1057,2091,402,1,815.21,14,Cash
1830,5/4/2025,1005,2034,403,3,544.68,3,Card
1831,5/4/2025,1097,2016,404,1,290.72,34,EBT
1832,5/4/2025,1153,2027,403,1,698.25,32,Gift Card
1833,5/4/2025,1107,2023,404,1,2536.76,38,Cash
1834,5/4/2025,1007,2037,403,1,648.25,29,Card
1835,5/4/2025,1158,2057,402,2,699.17,8,EBT
1836,5/4/2025,1149,2087,404,0,637.28,9,Gift Card
1837,5/4/2025,1002,2060,402,2,326.7,6,Cash
1838,5/4/2025,1177,2050,402,3,186.78,9,Card
1839,5/4/2025,1181,2054,403,0,1801.02,8,EBT
1840,5/4/2025,1024,2071,401,0,615.16,8,Gift Card
1841,5/4/2025,1085,2030,404,2,407.93,5,Cash
1842,5/4/2025,1155,2085,401,0,726.45,9,Card
1843,5/4/2025,1064,2064,404,2,940.93,4,EBT
1844,5/4/2025,1101,2085,403,1,217.94,40,Gift Card
1845,5/4/2025,1143,2005,402,2,343.02,21,Cash
1846,5/4/2025,1043,2064,404,2,235.23,15,Card
1847,5/4/2025,1119,2016,401,2,258.42,16,EBT
1848,5/4/2025,1181,2067,404,1,523.71,5,Gift Card
1849,5/4/2025,1066,2014,403,0,0,27,Cash
1850,5/4/2025,1032,2063,403,2,441.97,18,Card
1851,5/4/2025,1110,2036,403,2,348.77,10,EBT
1852,5/4/2025,1132,2040,404,1,124.34,30,Gift Card
1853,5/4/2025,1080,2094,404,1,0,2,Cash
1854,5/4/2025,1142,2084,404,0,0,26,Card
1855,5/4/2025,1048,2019,401,1,840.54,36,EBT
1856,5/4/2025,1046,2004,404,2,741.8,17,Gift Card
1857,5/4/2025,1041,2090,404,3,358.2,32,Cash
1858,5/4/2025,1029,2063,401,3,1657.38,30,Card
1859,5/4/2025,1091,2090,404,3,214.92,7,EBT
1860,5/4/2025,1126,2014,402,0,492.6,1,Gift Card
1861,5/4/2025,1089,2011,402,2,1638.96,20,Cash
1862,5/4/2025,1046,2021,403,1,2255.61,10,Card
1863,5/4/2025,1149,2000,402,3,4846.55,38,EBT
1864,5/4/2025,1019,2031,404,0,1695.9,21,Gift Card
1865,5/4/2025,1084,2003,403,0,0,31,Cash
1866,5/4/2025,1100,2047,401,2,803.95,39,Card
1867,5/4/2025,1039,2003,401,3,1155.54,33,EBT
1868,5/4/2025,1181,2084,404,3,1127.4,2,Gift Card
1869,5/4/2025,1160,2034,401,2,326.81,2,Cash
1870,5/4/2025,1011,2083,404,2,614.53,15,Card
1871,5/4/2025,1187,2093,402,1,680.35,12,EBT
1872,5/4/2025,1012,2082,403,2,853.12,11,Gift Card
1873,5/4/2025,1014,2095,401,3,0,9,Cash
1874,5/4/2025,1023,2051,403,1,211.18,23,Card
1875,5/4/2025,1061,2098,404,0,2723.58,27,EBT
1876,5/4/2025,1005,2026,402,3,211.56,19,Gift Card
1877,5/4/2025,1199,2051,403,1,0,12,Cash
1878,5/4/2025,1030,2038,404,3,3706.04,3,Card
1879,5/4/2025,1188,2039,402,2,1562.3,18,EBT
1880,5/4/2025,1170,2012,403,1,560.87,17,Gift Card
1881,5/4/2025,1125,2057,404,3,1310.94,30,Cash
1882,5/4/2025,1068,2072,404,0,420.3,15,Card
1883,5/4/2025,1193,2054,403,1,0,39,EBT
1884,5/4/2025,1111,2080,404,0,1664.52,30,Gift Card
1885,5/4/2025,1010,2065,403,3,0,7,Cash
1886,5/4/2025,1173,2028,402,3,2551.76,26,Card
1887,5/4/2025,1134,2080,401,2,1331.62,6,EBT
1888,5/4/2025,1119,2055,401,3,269.7,9,Gift Card
1889,5/4/2025,1076,2019,402,2,747.14,7,Cash
1890,5/4/2025,1063,2066,404,2,0,3,Card
1891,5/4/2025,1145,2006,401,0,0,28,EBT
1892,5/4/2025,1131,2013,404,3,4676.8,8,Gift Card
1893,5/4/2025,1024,2059,403,2,0,7,Cash
1894,5/4/2025,1065,2074,401,0,3297.5,26,Card
1895,5/4/2025,1029,2094,404,1,0,10,EBT
1896,5/4/2025,1046,2050,401,0,560.34,19,Gift Card
1897,5/4/2025,1106,2090,403,2,114.62,3,Cash
1898,5/4/2025,1150,2092,404,3,482.21,27,Card
1899,5/4/2025,1159,2033,403,1,752.62,16,EBT
1900,5/4/2025,1054,2023,401,2,751.63,0,Gift Card
1901,5/4/2025,1172,2013,404,0,1870.72,33,Cash
1902,5/4/2025,1001,2050,401,0,560.34,36,Card
1903,5/4/2025,1043,2083,404,3,2304.48,34,EBT
1904,5/4/2025,1177,2051,404,2,281.57,36,Gift Card
1905,5/4/2025,1158,2078,403,3,568.04,14,Cash
1906,5/4/2025,1077,2011,402,1,368.77,5,Card
1907,5/4/2025,1003,2024,401,0,248.54,26,EBT
1908,5/4/2025,1178,2024,401,1,223.69,3,Gift Card
1909,5/4/2025,1123,2083,402,1,1382.69,38,Cash
1910,5/4/2025,1111,2080,402,0,3329.04,22,Card
1911,5/4/2025,1077,2098,404,1,817.07,0,EBT
1912,5/4/2025,1121,2054,401,0,0,6,Gift Card
1913,5/4/2025,1042,2019,404,3,933.93,7,Cash
1914,5/4/2025,1120,2002,404,1,1558.8,31,Card
1915,5/4/2025,1051,2037,404,0,0,21,EBT
1916,5/4/2025,1085,2001,401,3,412.35,15,Gift Card
1917,5/4/2025,1106,2063,403,0,0,26,Cash
1918,5/4/2025,1124,2051,404,3,351.96,22,Card
1919,5/4/2025,1059,2091,401,0,1811.58,11,EBT
1920,5/4/2025,1108,2073,403,0,1498.29,8,Gift Card
1921,5/4/2025,1068,2082,404,3,0,23,Cash
1922,5/4/2025,1029,2063,403,3,3314.76,27,Card
1923,5/4/2025,1178,2055,401,1,242.73,34,EBT
1924,5/4/2025,1073,2092,402,3,482.21,5,Gift Card
1925,5/4/2025,1088,2056,402,1,1888.99,39,Cash
1926,5/4/2025,1150,2087,403,3,477.96,3,Card
1927,5/4/2025,1033,2037,404,3,1440.56,6,EBT
1928,5/4/2025,1172,2083,403,3,2304.48,28,Gift Card
1929,5/4/2025,1041,2079,402,2,2281.3,16,Cash
1930,5/4/2025,1176,2095,401,3,1472.37,26,Card
1931,5/4/2025,1033,2022,402,1,1208.12,14,EBT
1932,5/4/2025,1155,2062,401,3,1858.08,23,Gift Card
1933,5/4/2025,1126,2038,402,1,1667.72,3,Cash
1934,5/4/2025,1142,2006,401,2,0,32,Card
1935,5/4/2025,1066,2045,402,1,1123.7,1,EBT
1936,5/4/2025,1128,2004,401,2,2967.2,27,Gift Card
1937,5/4/2025,1110,2014,402,0,246.3,11,Cash
1938,5/4/2025,1143,2028,404,2,1531.06,3,Card
1939,5/4/2025,1087,2045,401,2,0,5,EBT
1940,5/4/2025,1038,2088,401,0,1418.7,35,Gift Card
1941,5/4/2025,1112,2058,401,0,0,3,Cash
1942,5/4/2025,1005,2078,401,0,426.03,7,Card
1943,5/4/2025,1129,2013,402,0,1870.72,2,EBT
1944,5/4/2025,1052,2046,402,2,26.74,9,Gift Card
1945,5/4/2025,1181,2056,404,0,0,19,Cash
1946,5/4/2025,1039,2082,403,2,0,11,Card
1947,5/4/2025,1035,2015,402,3,3374.85,15,EBT
1948,5/4/2025,1106,2098,401,1,1634.15,40,Gift Card
1949,5/4/2025,1121,2043,403,1,1572.21,25,Cash
1950,5/4/2025,1021,2034,403,3,544.68,7,Card
1951,5/4/2025,1092,2080,402,1,3745.17,26,EBT
1952,5/4/2025,1192,2096,404,1,1814.89,27,Gift Card
1953,5/4/2025,1035,2054,404,3,0,9,Cash
1954,5/4/2025,1117,2066,403,0,0,39,Card
1955,5/4/2025,1113,2018,401,0,1084.52,12,EBT
1956,5/4/2025,1021,2043,403,3,2620.35,16,Gift Card
1957,5/4/2025,1197,2021,404,0,1670.82,35,Cash
1958,5/4/2025,1100,2097,401,1,2273.67,26,Card
1959,5/4/2025,1147,2007,403,3,0,7,EBT
1960,5/4/2025,1102,2087,403,2,0,24,Gift Card
1961,5/4/2025,1088,2001,403,1,1113.34,14,Cash
1962,5/4/2025,1179,2051,404,1,211.18,15,Card
1963,5/4/2025,1139,2079,404,2,2281.3,37,EBT
1964,5/4/2025,1005,2083,404,1,691.34,37,Gift Card
1965,5/4/2025,1077,2010,401,2,186.82,16,Cash
1966,5/4/2025,1099,2092,402,2,1157.3,26,Card
1967,5/4/2025,1054,2011,403,2,327.79,2,EBT
1968,5/4/2025,1193,2081,402,0,2238.66,7,Gift Card
1969,5/4/2025,1007,2069,403,1,836.6,18,Cash
1970,5/4/2025,1198,2038,404,0,1853.02,13,Card
1971,5/4/2025,1187,2007,403,2,466.71,16,EBT
1972,5/4/2025,1160,2064,403,0,1176.16,13,Gift Card
1973,5/4/2025,1012,2096,401,3,672.18,34,Cash
1974,5/4/2025,1076,2073,401,3,499.43,7,Card
1975,5/4/2025,1086,2030,402,2,407.93,38,EBT
1976,5/4/2025,1076,2036,402,3,217.98,12,Gift Card
1977,5/4/2025,1133,2094,402,0,1973.4,40,Cash
1978,5/4/2025,1083,2066,402,2,1238.54,27,Card
1979,5/4/2025,1116,2012,402,3,0,33,EBT
1980,5/4/2025,1105,2010,401,0,155.68,8,Gift Card
1981,5/4/2025,1108,2016,404,1,872.15,22,Cash
1982,5/4/2025,1114,2009,403,3,198.93,23,Card
1983,5/4/2025,1150,2071,404,2,492.13,25,EBT
1984,5/4/2025,1149,2063,404,3,2762.3,11,Gift Card
1985,5/4/2025,1176,2062,404,1,557.42,12,Cash
1986,5/4/2025,1036,2064,402,3,294.04,24,Card
1987,5/4/2025,1182,2058,402,0,0,4,EBT
1988,5/4/2025,1177,2027,404,3,1034.44,37,Gift Card
1989,5/4/2025,1008,2095,402,2,0,35,Cash
1990,5/4/2025,1030,2077,404,0,1123.66,23,Card
1991,5/4/2025,1030,2047,403,0,334.98,7,EBT
1992,5/4/2025,1133,2019,401,2,747.14,27,Gift Card
1993,5/4/2025,1078,2047,403,2,535.97,3,Cash
1994,5/4/2025,1124,2003,402,1,1386.65,39,Card
1995,5/4/2025,1005,2075,404,0,3122.56,19,EBT
1996,5/4/2025,1078,2036,402,1,588.55,33,Gift Card
1997,5/4/2025,1189,2062,401,0,2477.44,18,Cash
1998,5/4/2025,1140,2044,401,0,207.58,9,Card
1999,5/4/2025,1106,2061,403,3,599.76,26,EBT
2000,5/4/2025,1086,2048,404,1,321.87,9,Gift Card
6,5/4/2025,1089,2028,401,0,1275.88,37,Cash
